#CaseId,Lat,Lon,AreaName,Number,Street1,Xstreet,City,County,State,Postal,Country,Airport,FreeForm,LimitedFreeForm
1,34.056073,-118.261471,,,,,,,,,USA,,Liberty,Los Angeles
2,,,,3644,Kings Way,,,,,95821,USA,,,
3,,,,320,Mercer Ave,,Bellmawr,,NJ,8031,USA,,,
4,,,,13090,Caminito Bautizo,,,,CA,,USA,,,
5,,,,16838,Panorama Drive,,Woodbridge,,Virginia,,USA,,,
6,,,,50,N George St,,York,,PA,,USA,,,
7,,,,16314,County Road 30,,Maple Grove,,MN,55311,USA,,,
8,,,,1,Marina Park Drive,,Boston,,MA,,USA,,,
9,,,,17w280,22nd Street,,Oakbrook Terrace,,illinois,60181,USA,,,
10,,,,2P,Garden,,Cambridge,,MA,,USA,,,
11,,,,6483N, 1200 E,,Idaville,,IN,,USA,,,
12,41.892064,-88.192958,,29W342,Grove Ave,,West Chicago,,IL,60185,USA,,,
13,,,,8422R,E Havasupai Dr,,Scottsdale,,AZ,,USA,,,
14,,,,251E,Pacific Coast Highway,,Newport Beach,,CA,,USA,,,
15,,,,493-B,Flat Shoals Ave,,Atlanta,,GA,,USA,,,
16,,,,1 - 141,Circle View Dr,,Hendersonville,,NC,28792,USA,,,
17,,,,42- 38,ninth street,,long island city,,ny,11101,USA,,,
18,,,,92-1300,Kikaha,,Kapolei,,,,USA,,,
19,,,,108-41,108 Ave,,,,New york,11433,USA,,,
20,,,,110-44,207 Street,,New York,,NY,,USA,,,
21,,,,66-303,Haleiwa Road,,Haleiwa,,,96712,USA,,,
22,,,,15 1/2,Figueroa Street ,,Los Angeles,,CA,,USA,,,
23,,,,10799,Cody Lane,,Fishers,,,,USA,,,
24,,,,11000,Cody Lane,,Fishers,,,,USA,,,
25,,,,1431,Pennsylvania Ave NW,,Washington,,DC,,USA,,,
26,,,,299,Pennsylvania Ave NW,,Washington,,DC,,USA,,,
27,,,,6119,Safari Trl,,Kissimmee,,FL,,USA,,,
28,,,,6300,Safari Trl,,kissimmee,,FL,,USA,,,
29,,,,899,Celebration Blvd,,Kissimmee,,FL,,USA,,,
30,,,,1900,Celebration Blvd,,Kissimmee,,FL,,USA,,,
31,,,,1617,Main St,,,,,,USA,,,
32,,,,2160,North Edward,,,,,,USA,,,
33,,,,2107,9th Ave West,,,,,,USA,,,
34,,,,431,Highbanks Valley Dr,,,,,,USA,,,
35,,,,1704,Walnut Hill dr,,,,,,USA,,,
36,,,,10,Williamine Drive,,,,,,USA,,,
37,,-87.624168,,104,N Dunning St,,,,,,USA,,,
38,41.876607,-117.3998,,435,Michigan,,Chicago,,,,USA,,,
39,47.676257,-89.626095,,2034,N Dakota,,Spokane,,,,USA,,,
40,40.719236,-87.624093,,2034,West Virginia,,Peoria,,,,USA,,,
41,41.890209,-117.3998,,435,N Michigan,,Chicago,,,,USA,,,
42,47.676257,-89.582604,,2034,Dakota,,Spokane,,,,USA,,,
43,40.718405,-89.60681,,905,Virginia,,Peoria,,,,USA,,,
44,40.718663,-104.992749,,905,Virginia,,Peoria,,,,USA,,,
45,39.744727,-80.133093,,1550,California,,Denver,,,,USA,,,
46,25.779134,-121.700491,,863,Washington,,Miami Beach,,,,USA,,,
47,39.364844,-81.739571,,691,Indiana,,Gridley,,,,USA,,,
48,38.357329,-95.235924,,1206,W Virginia Ave,,Dunbar,,,,USA,,,
49,38.96678,-121.025476,,939,Massachusetts,,Lawrence,,,,USA,,,
50,37.646,-120.766162,,1127,Kansas,,Modesto,,,,USA,,,
51,38.359744,-105.076245,,505,New York,,Jackson,,,,USA,,,
52,39.709197,-105.195365,,7167,Alaska,,Denver,,,,USA,,,
53,39.742515,-97.104812,,1606,Utah,,Golden,,,,USA,,,
54,32.706416,-117.864407,,511,Arkansas,,Arlington,,,,USA,,,
55,33.874422,-115.137299,,337,Georgia,,Placentia,,,,USA,,,
56,36.106564,-118.151008,,4570,Maryland,,Las Vegas,,,,USA,,,
57,34.13579,-118.15026,,1,California,,Pasadena,,,,USA,,,
58,34.13579,-122.39475,,1,California,,Pasadena,,,,USA,,,
59,37.764091,-118.59942,,199,Mississippi,,San Francisco,,,,USA,,,
60,34.212451,-118.156237,,7822,Alabama,,Canoga Park,,,,USA,,,
61,34.145746,-118.145832,,225,Colorado,,Pasadena,,,,USA,,,
62,34.14582,-115.750684,,225,Colorado,,Pasadena,,,,USA,,,
63,40.843964,-121.333303,,1785,Idaho,,Elko,,,,USA,,,
64,37.972485,-116.933022,,3404,Delaware,,Stockton,,,,USA,,,
65,33.747725,-74.53405,,3660,Florida East,,Hemet,,,,USA,,,
66,40.72512,-76.69516,,1,Verizon Way,,Basking Ridge,,,,USA,,,
67,39.33866,-85.973218,,6315,Millford,,Baltimore,,,,USA,,,
68,39.947413,-118.260357,,10810,Cody Lane,,Fishers,,,,USA,,,
69,34.048874,-78.025548,,735,S Figueroa St,,,,CA,,USA,,,
70,34.22231,-112.047842,,1030,Collete St,,,,NC,,USA,,,
71,33.523756,-89.968775,,1582,E Bethany Home Road,,,,AZ,,USA,,,
72,38.521903,-117.3998,,435,N Michigan Ave,,,,IL,,USA,,,
73,47.676257,-88.552291,,2034,N Dakota,,,,WA,,USA,,,
74,39.125822,-87.624093,,905,West Virginia,,,,IL,,USA,,,
75,41.890209,-117.3998,,435,N Michigan,,,,IL,,USA,,,
76,47.676257,-105.088349,,2034,Dakota,,,,WA,,USA,,,
77,40.37725,-83.416349,,1550,California,,,,CO,,USA,,,
78,30.478211,-121.69838,,863,Washington,,,,FL,,USA,,,
79,37.93069,-81.536758,,691,Indiana,,,,CA,,USA,,,
80,39.288217,-99.413978,,1206,W Virginia Ave,,,,WV,,USA,,,
81,37.918993,-120.71717,,939,Massachusetts,,,,KS,,USA,,,
82,35.32025,-120.766162,,1127,Kansas,,,,CA,,USA,,,
83,38.359744,-105.076245,,505,New York Ranch,,,,CA,,USA,,,
84,39.709197,-105.195365,,7167,Alaska,,,,CO,,USA,,,
85,39.742515,-95.968486,,1606,Utah,,,,CO,,USA,,,
86,29.607895,-117.864407,,511,Arkansas,,,,TX,,USA,,,
87,33.874422,-115.137299,,337,Georgia,,,,CA,,USA,,,
88,36.106564,-122.339504,,4570,Maryland,,,,NV,,USA,,,
89,37.577116,-122.256493,,1,California,,,,CA,,USA,,,
90,38.114981,-118.59942,,199,Mississippi,,,,CA,,USA,,,
91,34.212451,-122.031845,,7822,Alabama,,,,CA,,USA,,,
92,38.255546,-115.750684,,225,Colorado,,,,CA,,USA,,,
93,40.843964,-122.203437,,1785,Idaho,,,,NV,,USA,,,
94,37.793215,-117.010646,,3404,Delaware,,,,CA,,USA,,,
95,33.746915,-73.996539,,3660,Florida,,,,CA,,USA,,,
96,40.73199,-74.53405,,1,5th,,,,,10003,USA,,,
97,40.72512,-89.969435,,1,Verizon Way,,,,,7920,USA,,,
98,38.58835,-122.057678,,932,Caledonia Ct,,,,,62208,USA,,,
99,37.92891,-87.624093,,2999,oak rd,,,,,94597,USA,,,
100,41.890209,-117.3998,,435,N Michigan Ave,,,,,60611,USA,,,
101,47.676257,-89.60681,,2034,N Dakota,,,,,99207,USA,,,
102,40.718663,-87.624093,,905,West Virginia,,,,,61604,USA,,,
103,41.890209,-117.3998,,435,N Michigan,,,,,60611,USA,,,
104,47.676257,-89.60681,,2034,Dakota,,,,,99207,USA,,,
105,40.718663,-104.992749,,905,Virginia,,,,,61604,USA,,,
106,39.744727,-80.133093,,1550,California,,,,,80202,USA,,,
107,25.779134,-121.700491,,863,Washington,,,,,33139,USA,,,
108,39.364844,-81.739571,,691,Indiana,,,,,95948,USA,,,
109,38.357329,-95.235924,,1206,W Virginia Ave,,,,,25064,USA,,,
110,38.96678,-121.025476,,939,Massachusetts,,,,,66044,USA,,,
111,37.646,-120.766162,,1127,Kansas,,,,,95351,USA,,,
112,38.359744,-105.076245,,505,New York,,,,,95642,USA,,,
113,39.709197,-105.195365,,7167,Alaska,,,,,80226,USA,,,
114,39.742515,-97.112748,,1606,Utah,,,,,80401,USA,,,
115,32.706067,-117.864407,,511,Arkansas,,,,,76010,USA,,,
116,33.874422,-115.137299,,337,Georgia,,,,,92870,USA,,,
117,36.106564,-118.15026,,4570,Maryland,,,,,89119,USA,,,
118,34.13579,-122.39475,,1,California,,,,,91105,USA,,,
119,37.764091,-118.59942,,199,Mississippi,,,,,94107,USA,,,
120,34.212451,-118.145832,,7822,Alabama,,,,,91304,USA,,,
121,34.14582,-115.750684,,225,Colorado,,,,,91101,USA,,,
122,40.843964,-121.333303,,1785,Idaho,,,,,89801,USA,,,
123,37.972485,-116.933022,,3404,Delaware,,,,,95204,USA,,,
124,33.747725,-87.624168,,3660,Florida,,,,,92544,USA,,,
125,41.876607,-117.3998,,435,Michigain,,Chicago,,,60611,USA,,,
126,47.676257,-89.60681,,2034,N Dakota,,Spokane,,,99207,USA,,,
127,40.718663,-87.624093,,905,West Virginia,,Peoria,,,61604,USA,,,
128,41.890209,-117.3998,,435,N Michigan,,Chicago,,,60611,USA,,,
129,47.676257,-89.60681,,2034,Dakota,,Spokane,,,99207,USA,,,
130,40.718663,-104.992749,,905,Virginia,,Peoria,,,61604,USA,,,
131,39.744727,-80.133093,,1550,California,,Denver,,,80202,USA,,,
132,25.779134,-121.700491,,863,Washington,,Miami Beach,,,33139,USA,,,
133,39.364844,-81.739571,,691,Indiana,,Gridley,,,95948,USA,,,
134,38.357329,-95.235924,,1206,W Virginia Ave,,Dunbar,,,25064,USA,,,
135,38.96678,-121.025476,,939,Massachusetts,,Lawrence,,,66044,USA,,,
136,37.646,-120.766162,,1127,Kansas,,Modesto,,,95351,USA,,,
137,38.359744,-120.766162,,505,New York,,Jackson,,,95642,USA,,,
138,38.359744,-105.076245,,505,New York Ranch,,Jackson,,,95642,USA,,,
139,39.709197,-105.195365,,7167,Alaska,,Denver,,,80226,USA,,,
140,39.742515,-105.19449,,1606,Utah,,Golden,,,80401,USA,,,
141,39.742468,-97.104812,,1606,Utah,,Golden,,,80401,USA,,,
142,32.706416,-117.864407,,511,Arkansas,,Arlington,,,76010,USA,,,
143,33.874422,-115.137299,,337,Georgia,,Placentia,,,92870,USA,,,
144,36.106564,-118.151008,,4570,Maryland,,Las Vegas,,,89119,USA,,,
145,34.13579,-118.15026,,1,California,,Pasadena,,,91105,USA,,,
146,34.13579,-122.39475,,1,California,,Pasadena,,,91105,USA,,,
147,37.764091,-118.59942,,199,Mississippi,,San Francisco,,,94107,USA,,,
148,34.212451,-118.145832,,7822,Alabama,,Canoga Park,,,91304,USA,,,
149,34.14582,-115.750684,,225,Colorado,,Pasadena,,,91101,USA,,,
150,40.843964,-121.333303,,1785,Idaho,,Elko,,,89801,USA,,,
151,37.972485,-116.933022,,3404,Delaware,,Stockton,,,95204,USA,,,
152,33.747725,-82.816241,,3660,Florida,,East Hemet,,,92544,USA,,,
153,34.689471,-74.622033,,114,Pressly dr,,Clemson,,,29631,USA,,,
154,40.758055,-74.53405,,2,Beach Lane,,Mendham,,,7945,USA,,,
155,40.72512,-87.624093,,1,Verizon Way,,Basking Ridge,,,7920,USA,,,
156,41.890209,-117.3998,,435,N Michigan Ave,,Chicago,,IL,,USA,,,
157,47.676257,-89.60681,,2034,N Dakota,,Spokane,,WA,,USA,,,
158,40.718663,-87.624093,,905,West Virginia,,Peoria,,IL,,USA,,,
159,41.890209,-117.3998,,435,N Michigan,,Chicago,,IL,,USA,,,
160,47.676257,-89.582604,,2034,Dakota,,Spokane,,WA,,USA,,,
161,40.718405,-104.992749,,905,Virginia,,Peoria,,IL,,USA,,,
162,39.744727,-80.133093,,1550,California,,Denver,,CO,,USA,,,
163,25.779134,-121.700491,,863,Washington,,Miami Beach,,FL,,USA,,,
164,39.364844,-81.739571,,691,Indiana,,Gridley,,CA,,USA,,,
165,38.357329,-95.235924,,1206,W Virginia Ave,,Dunbar,,WV,,USA,,,
166,38.96678,-121.025476,,939,Massachusetts,,Lawrence,,KS,,USA,,,
167,37.646,-120.766162,,1127,Kansas,,Modesto,,CA,,USA,,,
168,38.359744,-105.076245,,505,New York,,Jackson,,CA,,USA,,,
169,39.709197,-105.195365,,7167,Alaska,,Denver,,CO,,USA,,,
170,39.742515,-97.104812,,1606,Utah,,Golden,,CO,,USA,,,
171,32.706416,-97.112748,,511,Arkansas,,Arlington,,TX,,USA,,,
172,32.706067,-117.864407,,511,Arkansas,,Arlington,,TX,,USA,,,
173,33.874422,-115.137299,,337,Georgia,,Placentia,,CA,,USA,,,
174,36.106564,-118.151008,,4570,Maryland,,Las Vegas,,NV,,USA,,,
175,34.13579,-118.15026,,1,California,,Pasadena,,CA,,USA,,,
176,34.13579,-122.39475,,1,California,,Pasadena,,CA,,USA,,,
177,37.764091,-118.59942,,199,Mississippi,,San Francisco,,CA,,USA,,,
178,34.212451,-118.156237,,7822,Alabama,,Canoga Park,,CA,,USA,,,
179,34.145746,-115.750684,,225,Colorado,,Pasadena,,CA,,USA,,,
180,40.843964,-121.333303,,1785,Idaho,,Elko,,NV,,USA,,,
181,37.972485,-116.933022,,3404,Delaware,,Stockton,,CA,,USA,,,
182,33.747725,-74.53405,,3660,Florida East,,Hemet,,CA,,USA,,,
183,40.72512,-121.425949,,1,Verizon Way,,Basking Ridge,,NJ,,USA,,,
184,38.599146,-117.193312,,1739,Ardin Way,,Sacramento,,CA,,USA,,,
185,33.133437,-77.035685,,1180,West San Marcos,,San Marcos,,CA,,USA,,,
186,38.898728,-117.729594,,1600,Pennsylvania Ave NW,,Washington,,DC,,USA,,,
187,33.559648,-121.834664,,6,Liberty,,Aliso Viejo,,CA,,USA,,,
188,39.726772,-87.624093,,800,S Well St,,Chicago,,IL,,USA,,,
189,41.890209,-117.3998,,435,N Michigan Ave,,Chicago,,IL,60611,USA,,,
190,47.676257,-89.60681,,2034,N Dakota,,Spokane,,WA,99207,USA,,,
191,40.718663,-87.624093,,905,West Virginia,,Peoria,,IL,61604,USA,,,
192,41.890209,-117.3998,,435,N Michigan,,Chicago,,IL,60611,USA,,,
193,47.676257,-89.60681,,2034,Dakota,,Spokane,,WA,99207,USA,,,
194,40.718663,-104.992749,,905,Virginia,,Peoria,,IL,61604,USA,,,
195,39.744727,-80.133093,,1550,California,,Denver,,CO,80202,USA,,,
196,25.779134,-121.700491,,863,Washington,,Miami Beach,,FL,33139,USA,,,
197,39.364844,-81.739571,,691,Indiana,,Gridley,,CA,95948,USA,,,
198,38.357329,-95.235924,,1206,W Virginia Ave,,Dunbar,,WV,25064,USA,,,
199,38.96678,-121.025476,,939,Massachusetts,,Lawrence,,KS,66044,USA,,,
200,37.646,-120.766162,,1127,Kansas,,Modesto,,CA,95351,USA,,,
201,38.359744,-120.766162,,505,New York,,Jackson,,CA,95642,USA,,,
202,38.359744,-105.076245,,505,New York Ranch,,Jackson,,CA,95642,USA,,,
203,39.709197,-105.195365,,7167,Alaska,,Denver,,CO,80226,USA,,,
204,39.742515,-105.19449,,1606,Utah,,Golden,,CO,80401,USA,,,
205,39.742468,-97.104812,,1606,Utah,,Golden,,CO,80401,USA,,,
206,32.706416,-97.112748,,511,Arkansas,,Arlington,,TX,76010,USA,,,
207,32.706067,-117.864407,,511,Arkansas,,Arlington,,TX,76010,USA,,,
208,33.874422,-115.137299,,337,Georgia,,Placentia,,CA,92870,USA,,,
209,36.106564,-118.151008,,4570,Maryland,,Las Vegas,,NV,89119,USA,,,
210,34.13579,-118.15026,,1,California,,Pasadena,,CA,91105,USA,,,
211,34.13579,-122.39475,,1,California,,Pasadena,,CA,91105,USA,,,
212,37.764091,-118.59942,,199,Mississippi,,San Francisco,,CA,94107,USA,,,
213,34.212451,-118.145832,,7822,Alabama,,Canoga Park,,CA,91304,USA,,,
214,34.14582,-115.750684,,225,Colorado,,Pasadena,,CA,91101,USA,,,
215,40.843964,-121.333303,,1785,Idaho,,Elko,,NV,89801,USA,,,
216,37.972485,-116.933022,,3404,Delaware,,Stockton,,CA,95204,USA,,,
217,33.747725,-117.010646,,3660,Florida,,East Hemet,,CA,92544,USA,,,
218,,,,,Heathridge Ct SE,,Smyrna,,,,USA,,,
219,,,,,W Magee Rd,,Tucson,,,,USA,,,
220,,,,,E Broad St,,Elizabeth,,,,USA,,,
221,,,,,Hart Plz,,Detroit,,,,USA,,,
222,,,,,Royal Ln,,Dallas,,,,USA,,,
223,,,,,Lincoln Dr,,Kenilworth,,,,USA,,,
224,,,,,Pride St,,Honeoye Falls,,,,USA,,,
225,,,,,Briarwood Dr,,Fredericksburg,,,,USA,,,
226,,,,,NE 4th Ave,,Canby,,,,USA,,,
227,,,,,Grove Ave,,West Chicago,,,,USA,,,
228,,,,,Cline Falls Rd,,Redmond,,,,USA,,,
229,,,,,Kayview Dr,,Austin,,,,USA,,,
230,,,,,Rolling Hills Dr,,Killeen,,,,USA,,,
231,,,,,Walnut St,,Arlington,,,,USA,,,
232,,,,,Dick Rd,,Butler,,,,USA,,,
233,,,,,Chatham Way,,Lynnfield,,,,USA,,,
234,,,,,Metacom Ave,,Bristol,,,,USA,,,
235,,,,,Brownstone Rd,,Oakley,,,,USA,,,
236,,,,,Cedar St,,New Rochelle,,,,USA,,,
237,,,,,East League City Parkway,,"League City	",,,,USA,,,
238,,,,,N Oak Ave,,Henrico,,,,USA,,,
239,,,,,E Smith St,,Timmonsville,,,,USA,,,
240,,,,,Mifflin St,,Souderton,,,,USA,,,
241,,,,,Castle St,,Plymouth,,,,USA,,,
242,,,,,Hogans Valley Way,,Cary,,,,USA,,,
243,,,,,Alameda Ave,,Tornillo,,,,USA,,,
244,,,,,Mcdonald Rd,,Healdsburg,,CA,,USA,,,
245,,,,,Olympia Ave,,Beltsville,,MD,,USA,,,
246,,,,,Enterprise Rd,,Bowie,,MD,,USA,,,
247,,,,,Emerald Downs St,,Corona,,CA,,USA,,,
248,,,,,N Green Gulch Ct,,Tucson,,AZ,,USA,,,
249,,,,,N Main St,,Corona,,CA,,USA,,,
250,,,,,W Bow St,,Thorntown,,IN,,USA,,,
251,,,,,NE 4th Ave,,Canby,,OR,,USA,,,
252,,,,,Linden St,,Chelmsford,,MA,,USA,,,
253,,,,,Bent Oak Dr,,Port Richey,,FL,,USA,,,
254,,,,,Gardenia Way,,Fontana,,CA,,USA,,,
255,,,,,Roy Ln,,Huntingdon Valley,,PA,,USA,,,
256,,,,,N Ocean Dr,,Hollywood,,FL,,USA,,,
257,,,,,Blackberry Hl,,Nashville,,TN,,USA,,,
258,,,,,N Federal Hwy,,Fort Lauderdale,,FL,,USA,,,
259,,,,,Diesinger Dr,,Schwenksville,,PA,,USA,,,
260,,,,,E 161st St,,Bronx,,NY,,USA,,,
261,,,,,Parkside Main,,Greensboro,,GA,,USA,,,
262,,,,,N 1st Ave,,Mulvane,,KS,,USA,,,
263,,,,,Purple Tiger Dr,,Watertown,,TN,,USA,,,
264,,,,,Bellflower Blvd,,Bellflower,,CA,,USA,,,
265,,,,,NE 4th Ave,,Canby,,OR,,USA,,,
266,,,,,15th Ave,,Moline,,IL,,USA,,,
267,,,,,M St NW,,Washington,,DC,,USA,,,
268,,,,,Cambridge Rd,,Shingle Springs,,CA,,USA,,,
269,,,,,Washington St,,Carriere,,MS,,USA,,,
270,,,,,Glendale Dr,,West Warwick,,RI,,USA,,,
271,,,,,W Chenango Dr,,,,CO,,USA,,,
272,,,,,Pearl St,,,,MA,,USA,,,
273,,,,,Prosperity Dr,,,,IN,,USA,,,
274,,,,,S White St,,,,NC,,USA,,,
275,,,,,Bell St,,,,TX,,USA,,,
276,,,,,Disney Cir,,,,FL,,USA,,,
277,,,,,Lillie St,,,,IN,,USA,,,
278,,,,,Cong W L Dickinson Dr,,,,AL,,USA,,,
279,,,,,S William St,,,,NY,,USA,,,
280,,,,,11th Ave,,,,MD,,USA,,,
281,,,,,Division St,,,,LA,,USA,,,
282,,,,,N Chatham Rd,,,,PA,,USA,,,
283,,,,,Newell Ave,,,,CA,,USA,,,
284,,,,,Calico Dr,,,,MO,,USA,,,
285,,,,,Perry Hwy,,,,PA,,USA,,,
286,,,,,River Pl,,,,KS,,USA,,,
287,,,,,Clear Lake Rd,,,,OR,,USA,,,
288,,,,,W Lincoln Ave,,,,CA,,USA,,,
289,,,,,Oak Ridge Dr,,,,IL,,USA,,,
290,,,,,Mario Dr,,,,NM,,USA,,,
291,,,,,Montpelier Rd,,,,MD,,USA,,,
292,,,,,Hill St,,,,AL,,USA,,,
293,,,,,NE 4th Ave,,,,OR,,USA,,,
294,,,,,Northern Ave,,,,MA,,USA,,,
295,,,,,Sam Rittenberg Blvd,,,,SC,,USA,,,
296,,,,,Macarthur Rd,,,,NY,,USA,,,
297,,,,,Farmington Ave,,,,CT,,USA,,,
298,,,,,Staunton Dr,,,,PA,,USA,,,
299,29.980605,-92.115453,,1903,Veterans Memorial ,,Abbeville,,,70510,USA,,,
300,33.77876,-84.34561,,,Virginia  NE,,,,GA,30306,USA,,,
301,39.24213,-83.791267,,203,Broadway  S,,Lynchburg,,OH,,USA,,,
302,39.632271,-104.985817,,4643,S Sherman ,,Englewood,,,80113,USA,,,
303,39.90984,-85.99644,,,Seekonk ,,,,IN,46256,USA,,,
304,29.74382,-95.387787,,510,Lovett ,,Houston,,TX,,USA,,,
305,32.771239,-117.247004,,998,W Mission Bay ,,San Diego,,,92109,USA,,,
306,44.666431,-93.330406,,19500,Towering Oaks ,,,,MN,55372,USA,,,
307,38.629372,-121.487022,,3389,Zenobia ,,Sacramento,,CA,,USA,,,
308,40.051079,-83.034958,,4450,Lummisford  E,,,,OH,43214,USA,,,
309,33.30218,-86.92972,,2805,Aster Lake ,,Bessemer,,,35022,USA,,,
310,33.83387,-117.915586,,205,W Center  Prom,,Anaheim,,CA,,USA,,,
311,,,,250,Northern Avenu,,Boston,,MA,2210,USA,,,
312,,,,1845,Sam Rittenberg Boulvard ,,Charleston,,SC,29407,USA,,,
313,,,,,Witham Lan,,Woodridge,,IL,60517,USA,,,
314,,,,,Dillon Crt,,Flower Mound,,TX,,USA,,,
315,,,,8202,Chestreton Lane,,North Royalton,,oh,,USA,,,
316,,,,800,S Well St,,Chicago,,IL,,USA,,,
317,,,,275,Baket Street NW,,Atlanta,,Georgia,,USA,,,
318,,,,946,gramery dr,,hollywood,,,90019,USA,,,
319,,,,1800,Chesnut Street,,Lebanon,,PA,17042,USA,,,
320,,,,800,S Well St,,Chicago,,IL,,USA,,,
321,,,,6,heathet ct,,,,,7922,USA,,,
322,,,,987,Hacock Ave,,,,,90069,USA,,,
323,,,,7400,richie hwy,,Glen Burnie,,MD,21061,USA,,,
324,,,,3,corpotate dr,,shelton,,ct,,USA,,,
325,,,,,Grandmonst st,,Roseville,,mi,,USA,,,
326,,,,,Malcolm X Blvd,,New York,,NY,10026,USA,,,
327,,,,,Lenox Ave,,New York,,NY,,USA,,,
328,,,,422, Marine Way E ,, Kodiak,,AK,99615,USA,,,
329,,,,422, E Marine Way,, Kodiak,,AK,99615,USA,,,
330,,,,621,Constitution Ave NW,,Washington,,,20004,USA,,,
331,,,,621,US-1,,Washington,,,20004,USA,,,
332,,,,621,US-50,,Washington,,,20004,USA,,,
333,,,,1502,Pennsylvania Ave Rear SE,,Washington,,,20003,USA,,,
334,,,,1502,Freedon Way SE,,Washington,,,20024,USA,,,
335,,,,,I-295 S,,Washington,,,20024,USA,,,
336,,,,,I-695 S,,Washington,,,20024,USA,,,
337,,,,,Southeast Fwy,,Washington,,,20003,USA,,,
338,,,,,Frederick Douglass Memorial Brg,,Washington,,,20003,USA,,,
339,,,,,S Capitol St SE,,Washington,,,20003,USA,,,
340,,,,,N Columbia Dr,,Sioux Falls,,SD,57103,USA,,,
341,,,,,North Columbia Dr,,,,SD,57103,USA,,,
342,,,,,Columbia Dr,,Sioux Falls,,SD,57103,USA,,,
343,,,,,W 159th St,,Markham,,IL,60428,USA,,,
344,,,,,West 159th St,,Markham,,,,USA,,,
345,,,,,159th St,,Markham,,IL,60428,USA,,,
346,,,,,E 146th St,,,,IN,46060,USA,,,
347,,,,,East 146th St,,,,,46060,USA,,,
348,,,,,146th St,,,,IN,46060,USA,,,
349,,,,218,S 16th St,,Philadelphia,,PA,19102,USA,,,
350,,,,218,South 16th St,,Philadelphia,,PA,19102,USA,,,
351,,,,218,16th St,,Philadelphia,,PA,19102,USA,,,
352,,,,9808,44th Ave NW,,Gig Harbor,,WA,98332,USA,,,
353,,,,9808,44th Ave NorthWest,,Gig Harbor,,WA,98332,USA,,,
354,,,,9808,44th Ave ,,Gig Harbor,,WA,98332,USA,,,
355,,,,,NE Court,,Minneapolis,,MN,55425,USA,,,
356,,,,,NorthEast Court,,Minneapolis,,MN,55425,USA,,,
357,,,,,Court,,Minneapolis,,MN,55425,USA,,,
358,,,,,SE Evelyn St,,Clackamas,,OR,97015,USA,,,
359,,,,,SouthEast Evelyn St,,Clackamas,,OR,97015,USA,,,
360,,,,,Evelyn St,,Clackamas,,OR,97015,USA,,,
361,,,,10210,SW Ruth Rd,,Culver,,OR,97734,USA,,,
362,,,,10210,SouthWest  Ruth Rd,,Culver,,OR,97734,USA,,,
363,,,,10210,Ruth Rd,,Culver,,OR,97734,USA,,,
364,36.32789,-119.6397,,,CHINA ALY,,HANFORD,,CA,93230,USA,,,
365,36.32789,-119.6397,,,CHINA ALLEE,,HANFORD,,CA,93230,USA,,,
366,36.32789,-119.6397,,,CHINA ALLY,,HANFORD,,CA,93230,USA,,,
367,36.32789,-119.6397,,,CHINA ALLEY,,HANFORD,,CA,93230,USA,,,
368,31.90713,-90.99557,,,GORDON STATION ANX,,PORT GIBSON,,MS,39150,USA,,,
369,31.90713,-90.99557,,,GORDON STATION ANEX,,PORT GIBSON,,MS,39150,USA,,,
370,31.90713,-90.99557,,,GORDON STATION ANNEX,,PORT GIBSON,,MS,39150,USA,,,
371,31.90713,-90.99557,,,GORDON STATION ANNX,,PORT GIBSON,,MS,39150,USA,,,
372,36.21437,-116.02165,,,CANDLE STICK AV,,PAHRUMP,,NV,89048,USA,,,
373,36.21437,-116.02165,,,CANDLE STICK AVE,,PAHRUMP,,NV,89048,USA,,,
374,36.21437,-116.02165,,,CANDLE STICK AVEN,,PAHRUMP,,NV,89048,USA,,,
375,36.21437,-116.02165,,,CANDLE STICK AVENU,,PAHRUMP,,NV,89048,USA,,,
376,36.21437,-116.02165,,,CANDLE STICK AVENUE,,PAHRUMP,,NV,89048,USA,,,
377,36.21437,-116.02165,,,CANDLE STICK AVN,,PAHRUMP,,NV,89048,USA,,,
378,36.21437,-116.02165,,,CANDLE STICK AVNUE,,PAHRUMP,,NV,89048,USA,,,
379,45.74074,-91.92387,,,LAKESIDE BCH,,SHELL LAKE,,WI,54871,USA,,,
380,45.74074,-91.92387,,,LAKESIDE BEACH,,SHELL LAKE,,WI,54871,USA,,,
381,30.10098,-95.39414,,,SPRING TRAILS BND,,SPRING,,TX,77386,USA,,,
382,30.10098,-95.39414,,,SPRING TRAILS BEND,,SPRING,,TX,77386,USA,,,
383,32.39519,-80.62672,,,CHOWAN CREEK BLF,,LADYS ISLAND,,SC,29907,USA,,,
384,32.39519,-80.62672,,,CHOWAN CREEK BLUF,,LADYS ISLAND,,SC,29907,USA,,,
385,32.39519,-80.62672,,,CHOWAN CREEK BLUFF,,LADYS ISLAND,,SC,29907,USA,,,
386,37.2778,-82.38271,,,GIBSON BTM,,ELKHORN CITY,,KY,41522,USA,,,
387,37.2778,-82.38271,,,GIBSON BOT,,ELKHORN CITY,,KY,41522,USA,,,
388,37.2778,-82.38271,,,GIBSON BOTTM,,ELKHORN CITY,,KY,41522,USA,,,
389,37.2778,-82.38271,,,GIBSON BOTTOM,,ELKHORN CITY,,KY,41522,USA,,,
390,37.34249,-122.22018,,,SKYLINE BLVD,,REDWOOD CITY,,CA,94062,USA,,,
391,37.34249,-122.22018,,,SKYLINE BOUL,,REDWOOD CITY,,CA,94062,USA,,,
392,37.34249,-122.22018,,,SKYLINE BOULEVARD,,REDWOOD CITY,,CA,94062,USA,,,
393,37.34249,-122.22018,,,SKYLINE BOULV,,REDWOOD CITY,,CA,94062,USA,,,
394,37.62335,-82.5535,,,HURTS BR,,PIKEVILLE,,KY,41501,USA,,,
395,37.62335,-82.5535,,,HURTS BRNCH,,PIKEVILLE,,KY,41501,USA,,,
396,37.62335,-82.5535,,,HURTS BRANCH,,PIKEVILLE,,KY,41501,USA,,,
397,37.61874,-122.14955,,,SAN MATEO BRG,,HAYWARD,,CA,94545,USA,,,
398,37.61874,-122.14955,,,SAN MATEO BRDGE,,HAYWARD,,CA,94545,USA,,,
399,37.61874,-122.14955,,,SAN MATEO BRIDGE,,HAYWARD,,CA,94545,USA,,,
400,43.39264,-85.46814,,,CEDAR BRK,,HOWARD CITY,,MI,49329,USA,,,
401,43.39264,-85.46814,,,CEDAR BROOK,,HOWARD CITY,,MI,49329,USA,,,
402,47.51629,-111.3166,,,NORTHWEST BYP,,GREAT FALLS,,MT,59404,USA,,,
403,47.51629,-111.3166,,,NORTHWEST BYPA,,GREAT FALLS,,MT,59404,USA,,,
404,47.51629,-111.3166,,,NORTHWEST BYPAS,,GREAT FALLS,,MT,59404,USA,,,
405,47.51629,-111.3166,,,NORTHWEST BYPASS,,GREAT FALLS,,MT,59404,USA,,,
406,47.51629,-111.3166,,,NORTHWEST BYPS,,GREAT FALLS,,MT,59404,USA,,,
407,46.47886,-87.85779,,,COUNTY ROAD CP,,CHAMPION,,MI,49814,USA,,,
408,46.47886,-87.85779,,,COUNTY ROAD CAMP,,CHAMPION,,MI,49814,USA,,,
409,46.47886,-87.85779,,,COUNTY ROAD CMP,,CHAMPION,,MI,49814,USA,,,
410,37.95998,-109.20944,,,S CANYON,,MONTICELLO,,UT,84535,USA,,,
411,37.95998,-109.20944,,,S CANYN,,MONTICELLO,,UT,84535,USA,,,
412,37.95998,-109.20944,,,S CNYN,,MONTICELLO,,UT,84535,USA,,,
413,30.55442,-98.36069,,,THE CAPE,,HORSESHOE BAY,,TX,78657,USA,,,
414,30.5544,-98.36068,,,THE CPE,,HORSESHOE BAY,,TX,78657,USA,,,
415,32.62418,-117.13052,,,GRAND CARIBE CSWY,,CORONADO,,CA,92118,USA,,,
416,32.62418,-117.13052,,,GRAND CARIBE CAUSEWAY,,CORONADO,,CA,92118,USA,,,
417,32.62418,-117.13052,,,GRAND CARIBE CAUSWA,,CORONADO,,CA,92118,USA,,,
418,36.58458,-121.90039,,,DEL MONTE CTR,,MONTEREY,,CA,93940,USA,,,
419,36.58458,-121.90039,,,DEL MONTE CNTR,,MONTEREY,,CA,93940,USA,,,
420,36.58458,-121.90039,,,DEL MONTE CNTER,,MONTEREY,,CA,93940,USA,,,
421,36.58458,-121.90039,,,DEL MONTE CENTRE,,MONTEREY,,CA,93940,USA,,,
422,36.58458,-121.90039,,,DEL MONTE CENTR,,MONTEREY,,CA,93940,USA,,,
423,36.58458,-121.90039,,,DEL MONTE CENTER,,MONTEREY,,CA,93940,USA,,,
424,36.58458,-121.90039,,,DEL MONTE CENT,,MONTEREY,,CA,93940,USA,,,
425,36.58458,-121.90039,,,DEL MONTE CEN,,MONTEREY,,CA,93940,USA,,,
426,37.79996,-121.92038,,,BLACKHAWK PLAZA CIR,,DANVILLE,,CA,94506,USA,,,
427,37.79996,-121.92038,,,BLACKHAWK PLAZA CIRC,,DANVILLE,,CA,94506,USA,,,
428,37.79996,-121.92038,,,BLACKHAWK PLAZA CIRCL,,DANVILLE,,CA,94506,USA,,,
429,37.79996,-121.92038,,,BLACKHAWK PLAZA CIRCLE,,DANVILLE,,CA,94506,USA,,,
430,37.79996,-121.92038,,,BLACKHAWK PLAZA CIRCL,,DANVILLE,,CA,94506,USA,,,
431,37.79996,-121.92038,,,BLACKHAWK PLAZA CIRCLE,,DANVILLE,,CA,94506,USA,,,
432,33.69708,-117.895,,,S SEA CLF,,SANTA ANA,,CA,92704,USA,,,
433,33.69708,-117.895,,,S SEA CLIFF,,SANTA ANA,,CA,92704,USA,,,
434,29.50242,-98.68521,,,VALLEY CLFS,,SAN ANTONIO,,TX,78250,USA,,,
435,29.56925,-98.54813,,,HUNTERS CLIFFS,,SAN ANTONIO,,TX,78230,USA,,,
436,40.80936,-75.62972,,,BLUE RIDGE COUNTRY CLB,,PALMERTON,,PA,18071,USA,,,
437,34.8691,-82.26488,,,THORNBLADE CLUB,,GREER,,SC,29650,USA,,,
438,42.54903,-72.13247,,,THE COMMON,,ATHOL,,MA,1331,USA,,,
439,40.31665,-74.05842,,,AVENUE OF THE COMMON,,SHREWSBURY,,NJ,7702,USA,,,
440,47.31483,-122.30854,,,S COMMONS,,FEDERAL WAY,,WA,98003,USA,,,
441,44.09826,-69.38331,,,KALERS COR,,WALDOBORO,,ME,4572,USA,,,
442,42.12193,-71.64777,,,PLUMMERS CORNER,,WHITINSVILLE,,MA,1588,USA,,,
443,33.41636,-86.69597,,,INVERNESS CORS,,BIRMINGHAM,,AL,35242,USA,,,
444,33.41633,-86.69635,,,INVERNESS CORNERS,,BIRMINGHAM,,AL,35242,USA,,,
445,37.92399,-122.49961,,,MORNING STAR CRSE,,CORTE MADERA,,CA,94925,USA,,,
446,41.93447,-88.29303,,,WHITTINGTON COURSE,,ST CHARLES,,IL,60174,USA,,,
447,44.85553,-93.24018,,,NE COURT,,MINNEAPOLIS,,MN,55425,USA,,,
448,40.77358,-86.38496,,,N CT,,LOGANSPORT,,IN,46947,USA,,,
449,27.58771,-99.45564,,,TIGER CTS,,LAREDO,,TX,78045,USA,,,
450,29.70558,-95.42927,,,WESTCHESTER COURTS,,HOUSTON,,TX,77025,USA,,,
451,33.68108,-117.79808,,,N COVE,,IRVINE,,CA,92604,USA,,,
452,40.43727,-111.90472,,,COLONY CV,,LEHI,,UT,84043,USA,,,
453,33.60884,-117.62219,,,TIJERAS CRK,,RANCHO SANTA MARGARITA,,CA,92688,USA,,,
454,32.94848,-97.07657,,,FALL CREEK,,GRAPEVINE,,TX,76051,USA,,,
455,36.78716,-76.10183,,,COLLEGE CRES,,VIRGINIA BEACH,,VA,23453,USA,,,
456,36.78716,-76.10183,,,COLLEGE CRESCENT,,VIRGINIA BEACH,,VA,23453,USA,,,
457,36.78716,-76.10183,,,COLLEGE CRSENT,,VIRGINIA BEACH,,VA,23453,USA,,,
458,36.78716,-76.10183,,,COLLEGE CRSNT,,VIRGINIA BEACH,,VA,23453,USA,,,
459,35.61974,-81.1501,,,N OLIVERS CROSSROAD,,NEWTON,,NC,28658,USA,,,
460,36.53695,-121.90885,,,THE CROSSROADS,,CARMEL-BY-THE-SEA,,CA,93923,USA,,,
461,32.40434,-111.0463,,,W SAHUARO DV,,TUCSON,,AZ,85742,USA,,,
462,32.40434,-111.0463,,,W SAHUARO DIV,,TUCSON,,AZ,85742,USA,,,
463,32.40434,-111.0463,,,W SAHUARO DIVIDE,,TUCSON,,AZ,85742,USA,,,
464,32.40434,-111.0463,,,W SAHUARO DVD,,TUCSON,,AZ,85742,USA,,,
465,35.57658,-120.79276,,,VINEYARD DR,,PASO ROBLES,,CA,93446,USA,,,
466,35.55351,-120.75107,,,VINEYARD DRIV,,TEMPLETON,,CA,93465,USA,,,
467,35.20709,-120.60843,,,MIRA CIELO DRIVE,,SAN LUIS OBISPO,,CA,93401,USA,,,
468,35.20709,-120.60843,,,MIRA CIELO DRV,,SAN LUIS OBISPO,,CA,93401,USA,,,
469,37.29701,-121.75794,,,SILVER EST,,SAN JOSE,,CA,95135,USA,,,
470,37.29545,-121.76494,,,HARVEST ESTATE,,SAN JOSE,,CA,95135,USA,,,
471,45.33635,-122.55549,,,MAPLE LANE ESTATES,,OREGON CITY,,OR,97045,USA,,,
472,45.33635,-122.55549,,,MAPLE LANE ESTS,,OREGON CITY,,OR,97045,USA,,,
473,34.56074,-97.99706,,,COUNTRY ESTS,,DUNCAN,,OK,73533,USA,,,
474,38.38609,-75.07362,,,OCEAN CITY EXP,,OCEAN CITY,,MD,21842,USA,,,
475,25.94127,-97.50197,,,N EXPRESSWAY,,BROWNSVILLE,,TX,78521,USA,,,
476,25.94127,-97.50197,,,N EXPR,,BROWNSVILLE,,TX,78521,USA,,,
477,35.5608,-97.64552,,,NW EXPRESS,,OKLAHOMA CITY,,OK,73132,USA,,,
478,25.9618,-97.51016,,,N EXPW,,BROWNSVILLE,,TX,78520,USA,,,
479,37.21152,-121.84814,,,ALMADEN EXPY,,SAN JOSE,,CA,95120,USA,,,
480,39.27137,-121.01073,,,NEVADA STREET EXT,,NEVADA CITY,,CA,95959,USA,,,
481,38.24974,-122.96642,,,CLIFF ST EXTENSION,,DILLON BEACH,,CA,94929,USA,,,
482,39.45157,-121.28296,,,FRENCHTOWN EXTN,,BROWNSVILLE,,CA,95919,USA,,,
483,39.45157,-121.28296,,,FRENCHTOWN EXTNSN,,BROWNSVILLE,,CA,95920,USA,,,
484,34.15331,-117.68841,,,FERGUS FLS,,CLAREMONT,,CA,91711,USA,,,
485,29.81363,-95.72945,,,EAGLE NEST FALLS,,KATY,,TX,77449,USA,,,
486,29.59057,-95.61184,,,ROBINSONS FRY,,SUGAR LAND,,TX,77479,USA,,,
487,37.90899,-84.54508,,,GROGGINS FRRY,,NICHOLASVILLE,,KY,40356,USA,,,
488,37.90931,-84.55673,,,GROGGINS FERRY,,NICHOLASVILLE,,KY,40356,USA,,,
489,38.18649,-85.74618,,,STANDIFORD FIELD,,LOUISVILLE,,KY,40209,USA,,,
490,38.18649,-85.74618,,,STANDIFORD FLD,,LOUISVILLE,,KY,40209,USA,,,
491,29.46296,-98.35784,,,LUCKY FLDS,,CONVERSE,,TX,78109,USA,,,
492,29.46172,-98.35875,,,ALONZO FLELDS,,CONVERSE,,TX,78109,USA,,,
493,48.53611,-122.05808,,,CEDAR FLT,,SEDRO-WOOLLEY,,WA,98284,USA,,,
494,48.53611,-122.05808,,,CEDAR FLAT,,SEDRO-WOOLLEY,,WA,98285,USA,,,
495,34.22267,-80.68187,,,W FORD,,LUGOFF,,SC,29078,USA,,,
496,34.22267,-80.68187,,,W FRD,,LUGOFF,,SC,29078,USA,,,
497,34.22267,-80.68187,,,W FORD,,LUGOFF,,SC,29078,USA,,,
498,38.63071,-90.6538,,,GRAND MERIDIEN FRST,,CHESTERFIELD,,MO,63005,USA,,,
499,38.63071,-90.6538,,,GRAND MERIDIEN FOREST,,CHESTERFIELD,,MO,63005,USA,,,
500,38.63071,-90.6538,,,GRAND MERIDIEN FORESTS,,CHESTERFIELD,,MO,63005,USA,,,
501,32.36141,-106.77415,,,RAMROD FRG,,LAS CRUCES,,NM,88012,USA,,,
502,32.36141,-106.77415,,,RAMROD FORG,,LAS CRUCES,,NM,88012,USA,,,
503,32.36141,-106.77415,,,RAMROD FORGE,,LAS CRUCES,,NM,88012,USA,,,
504,32.86517,-96.93588,,,W FORK,,IRVING,,TX,75039,USA,,,
505,32.86459,-96.93524,,,W FRK,,IRVING,,TX,75039,USA,,,
506,42.74889,-73.85404,,,AUSABLE FRKS,,ALBANY,,NY,12205,USA,,,
507,36.38361,-76.07254,,,FOUR FORKS,,SHAWBORO,,NC,27973,USA,,,
508,33.41678,-83.21417,,,GRESHAMS FT,,GREENSBORO,,GA,30642,USA,,,
509,33.41515,-83.21398,,,GRESHAMS FRT,,GREENSBORO,,GA,30642,USA,,,
510,33.41352,-83.21379,,,GRESHAMS FORT,,GREENSBORO,,GA,30642,USA,,,
511,32.85636,-97.31299,,,N FREEWAY,,FORT WORTH,,TX,76137,USA,,,
512,32.86258,-97.31407,,,N FREEWY,,FORT WORTH,,TX,76137,USA,,,
513,38.29399,-104.60879,,,N FRWAY,,PUEBLO,,CO,81003,USA,,,
514,38.21997,-104.61606,,,S FRWY,,PUEBLO,,CO,81004,USA,,,
515,38.21997,-104.61606,,,S FWY,,PUEBLO,,CO,81004,USA,,,
516,38.0173,-84.51561,,,ROSEMONT GDN,,LEXINGTON,,KY,40503,USA,,,
517,38.0173,-84.51561,,,ROSEMONT GARDEN,,LEXINGTON,,KY,40503,USA,,,
518,38.0173,-84.51561,,,ROSEMONT GARDN,,LEXINGTON,,KY,40503,USA,,,
519,38.0173,-84.51561,,,ROSEMONT GRDEN,,LEXINGTON,,KY,40503,USA,,,
520,38.0173,-84.51561,,,ROSEMONT GRDN,,LEXINGTON,,KY,40503,USA,,,
521,35.46645,-97.51472,,,MYRIAD GDNS,,OKLAHOMA CITY,,OK,73102,USA,,,
522,35.46645,-97.51472,,,MYRIAD GDRDENS,,OKLAHOMA CITY,,OK,73103,USA,,,
523,35.46645,-97.51472,,,MYRIAD GRDNS,,OKLAHOMA CITY,,OK,73104,USA,,,
524,39.99816,-82.88473,,,INTERNATIONAL GATEWAY,,COLUMBUS,,OH,43219,USA,,,
525,39.99816,-82.88473,,,INTERNATIONAL GATEWY,,COLUMBUS,,OH,43219,USA,,,
526,39.9985,-82.89009,,,INTERNATIONAL GATWAY,,COLUMBUS,,OH,43219,USA,,,
527,39.9985,-82.89009,,,INTERNATIONAL GTWAY,,COLUMBUS,,OH,43219,USA,,,
528,39.9985,-82.89009,,,INTERNATIONAL GTWY,,COLUMBUS,,OH,43219,USA,,,
529,43.14807,-89.36305,,,S GOLF GLN,,MADISON,,WI,53704,USA,,,
530,43.14807,-89.36305,,,S GOLF GLEN,,MADISON,,WI,53704,USA,,,
531,39.9963,-86.13023,,,THE VILLAGE GRN,,CARMEL,,IN,46032,USA,,,
532,39.99629,-86.13062,,,THE VILLAGE GREEN,,CARMEL,,IN,46032,USA,,,
533,33.64275,-117.6273,,,WALNUT GRV,,MISSION VIEJO,,CA,92692,USA,,,
534,33.64269,-117.6268,,,WALNUT GROVE,,MISSION VIEJO,,CA,92692,USA,,,
535,33.64263,-117.6263,,,WALNUT GROV,,MISSION VIEJO,,CA,92692,USA,,,
536,33.5794,-117.73636,,,PALM HBR,,ALISO VIEJO,,CA,92656,USA,,,
537,33.5794,-117.73636,,,PALM HARB,,ALISO VIEJO,,CA,92656,USA,,,
538,33.5794,-117.73636,,,PALM HARBOR,,ALISO VIEJO,,CA,92656,USA,,,
539,33.5794,-117.73636,,,PALM HARBR,,ALISO VIEJO,,CA,92656,USA,,,
540,33.5794,-117.73636,,,PALM HRBOR,,ALISO VIEJO,,CA,92656,USA,,,
541,33.7062,-117.77351,,,NEW HVN,,IRVINE,,CA,92620,USA,,,
542,33.7062,-117.77351,,,NEW HAVEN,,IRVINE,,CA,92620,USA,,,
543,34.5511,-112.44572,,,HEATHER HTS,,PRESCOTT,,AZ,86303,USA,,,
544,34.5511,-112.44572,,,HEATHER HT,,PRESCOTT,,AZ,86303,USA,,,
545,38.41414,-122.54634,,,SONOMA HWY,,KENWOOD,,CA,95452,USA,,,
546,38.41414,-122.54634,,,SONOMA HIGHWAY,,KENWOOD,,CA,95452,USA,,,
547,38.41414,-122.54634,,,SONOMA HIGHWY,,KENWOOD,,CA,95452,USA,,,
548,38.41414,-122.54634,,,SONOMA HIWAY,,KENWOOD,,CA,95452,USA,,,
549,38.41414,-122.54634,,,SONOMA HIWY,,KENWOOD,,CA,95452,USA,,,
550,38.41414,-122.54634,,,SONOMA HWAY,,KENWOOD,,CA,95452,USA,,,
551,36.94265,-121.72661,,,STRAWBERRY HL,,WATSONVILLE,,CA,95076,USA,,,
552,36.94265,-121.72661,,,STRAWBERRY HILL,,WATSONVILLE,,CA,95076,USA,,,
553,38.41698,-90.6819,,,ST JOSEPH HLS,,PACIFIC,,MO,63069,USA,,,
554,38.41698,-90.6819,,,ST JOSEPH HILLS,,PACIFIC,,MO,63069,USA,,,
555,30.17768,-93.25821,,,FOX HOLW,,LAKE CHARLES,,LA,70605,USA,,,
556,30.17768,-93.25821,,,FOX HLLW,,LAKE CHARLES,,LA,70605,USA,,,
557,30.17768,-93.25821,,,FOX HOLLOW,,LAKE CHARLES,,LA,70605,USA,,,
558,30.17768,-93.25821,,,FOX HOLLOWS,,LAKE CHARLES,,LA,70605,USA,,,
559,30.17768,-93.25821,,,FOX HOLWS,,LAKE CHARLES,,LA,70605,USA,,,
560,33.14764,-96.7835,,,SEBASTIAN INLT,,FRISCO,,TX,75035,USA,,,
561,33.61375,-117.8768,,,FASHION IS,,NEWPORT BEACH,,CA,92660,USA,,,
562,33.61691,-117.87794,,,FASHION ISLAND,,NEWPORT BEACH,,CA,92660,USA,,,
563,33.61691,-117.87794,,,FASHION ISLND,,NEWPORT BEACH,,CA,92660,USA,,,
564,31.20006,-81.48032,,,GLYNN ISLE,,BRUNSWICK,,GA,31525,USA,,,
565,31.20006,-81.48032,,,GLYNN ISLES,,BRUNSWICK,,GA,31525,USA,,,
566,37.22981,-107.86041,,,CARBON JCT,,DURANGO,,CO,81301,USA,,,
567,37.22981,-107.86041,,,CARBON JCTION,,DURANGO,,CO,81301,USA,,,
568,37.22981,-107.86041,,,CARBON JCTN,,DURANGO,,CO,81301,USA,,,
569,37.22981,-107.86041,,,CARBON JUNCTION,,DURANGO,,CO,81301,USA,,,
570,37.22981,-107.86041,,,CARBON JUNCTN,,DURANGO,,CO,81301,USA,,,
571,37.22981,-107.86041,,,CARBON JUNCTON,,DURANGO,,CO,81301,USA,,,
572,38.08866,-122.51741,,,MONTEGO KY,,NOVATO,,CA,94949,USA,,,
573,38.08866,-122.51741,,,MONTEGO KEY,,NOVATO,,CA,94949,USA,,,
574,35.58971,-82.52968,,,KENILWORTH KNLS,,ASHEVILLE,,NC,28805,USA,,,
575,33.52198,-117.6825,,,SILENT KNLS,,LAGUNA NIGUEL,,CA,92677,USA,,,
576,33.52198,-117.6825,,,SILENT KNOLLS,,LAGUNA NIGUEL,,CA,92677,USA,,,
577,48.09028,-90.70343,,,S GUNFLINT LK,,GRAND MARAIS,,MN,55604,USA,,,
578,48.08727,-90.74159,,,S GUNFLINT LAKE,,GRAND MARAIS,,MN,55604,USA,,,
579,40.91988,-76.09729,,,VALLEY OF LKS,,HAZLETON,,PA,18202,USA,,,
580,40.91988,-76.09729,,,VALLEY OF LAKES,,HAZLETON,,PA,18202,USA,,,
581,29.56047,-98.63795,,,HUNTERS LAND,,SAN ANTONIO,,TX,78249,USA,,,
582,32.21786,-96.02445,,,CHEROKEE LNDG,,MALAKOFF,,TX,75148,USA,,,
583,32.21786,-96.02445,,,CHEROKEE LANDING,,MALAKOFF,,TX,75148,USA,,,
584,32.21786,-96.02445,,,CHEROKEE LNDNG,,MALAKOFF,,TX,75148,USA,,,
585,39.05045,-84.49185,,,FREDERICKS LNDG,,NEWPORT,,KY,41071,USA,,,
586,38.38262,-122.35315,,,HOFFMAN LN,,NAPA,,CA,94558,USA,,,
587,38.38262,-122.35315,,,HOFFMAN LANE,,NAPA,,CA,94558,USA,,,
588,36.3726,-75.82865,,,COROLLA LGT,,COROLLA,,NC,27927,USA,,,
589,36.3726,-75.82865,,,COROLLA LIGHT,,COROLLA,,NC,27927,USA,,,
590,43.59255,-90.86276,,,COUNTY ROAD LF,,VIROQUA,,WI,54665,USA,,,
591,43.5936,-90.87063,,,COUNTY ROAD LOAF,,VIROQUA,,WI,54665,USA,,,
592,45.35681,-122.61535,,,WILLAMETTE LCKS,,WEST LINN,,OR,97068,USA,,,
593,45.35681,-122.61535,,,WILLAMETTE LOCKS,,WEST LINN,,OR,97068,USA,,,
594,37.23606,-119.15794,,,CHINA LDG,,SHAVER LAKE,,CA,93664,USA,,,
595,37.23606,-119.15794,,,CHINA LDGE,,SHAVER LAKE,,CA,93664,USA,,,
596,37.23606,-119.15794,,,CHINA LODG,,SHAVER LAKE,,CA,93664,USA,,,
597,37.23606,-119.15794,,,CHINA LODGE,,SHAVER LAKE,,CA,93664,USA,,,
598,37.32409,-121.81176,,,EASTRIDGE LOOP,,SAN JOSE,,CA,95122,USA,,,
599,37.32409,-121.81176,,,EASTRIDGE LOOPS,,SAN JOSE,,CA,95122,USA,,,
600,37.52373,-122.00016,,,NEWPARK MALL,,NEWARK,,CA,94560,USA,,,
601,35.3481,-97.5321,,,BRIARLAKE MNR,,OKLAHOMA CITY,,OK,73170,USA,,,
602,35.3481,-97.5321,,,BRIARLAKE MANOR,,OKLAHOMA CITY,,OK,73170,USA,,,
603,27.36095,-82.47243,,,RINGWOOD MDW,,SARASOTA,,FL,34235,USA,,,
604,35.63397,-92.30739,,,MOUNTAIN MDWS,,SHIRLEY,,AR,72153,USA,,,
605,35.63397,-92.30739,,,MOUNTAIN MEADOWS,,SHIRLEY,,AR,72153,USA,,,
606,35.63397,-92.30739,,,MOUNTAIN MEDOWS,,SHIRLEY,,AR,72153,USA,,,
607,39.91343,-105.03764,,,W 119TH MEWS,,WESTMINSTER,,CO,80031,USA,,,
608,38.18055,-97.09778,,,OLD ML,,PEABODY,,KS,66866,USA,,,
609,29.50861,-98.32622,,,CANTURA MLS,,CONVERSE,,TX,78109,USA,,,
610,33.36512,-117.07435,,,E PALA MSN,,PALA,,CA,92059,USA,,,
611,33.36512,-117.07435,,,E PALA MISSN,,PALA,,CA,92059,USA,,,
612,33.36512,-117.07435,,,E PALA MSSN,,PALA,,CA,92059,USA,,,
613,34.09582,-118.60848,,,HENRY RIDGE MTWY,,TOPANGA,,CA,90290,USA,,,
614,34.09582,-118.60848,,,HENRY RIDGE MOTORWAY,,TOPANGA,,CA,90290,USA,,,
615,37.24072,-76.79939,,,BARROWS MT,,WILLIAMSBURG,,VA,23185,USA,,,
616,37.24072,-76.79939,,,BARROWS MNT,,WILLIAMSBURG,,VA,23185,USA,,,
617,37.24072,-76.79939,,,BARROWS MOUNT,,WILLIAMSBURG,,VA,23185,USA,,,
618,38.33885,-122.52382,,,MORNINGSIDE MTN,,GLEN ELLEN,,CA,95442,USA,,,
619,38.33885,-122.52382,,,MORNINGSIDE MNTAIN,,GLEN ELLEN,,CA,95442,USA,,,
620,38.33885,-122.52382,,,MORNINGSIDE MOUNTAIN,,GLEN ELLEN,,CA,95442,USA,,,
621,38.33885,-122.52382,,,MORNINGSIDE MOUNTIN,,GLEN ELLEN,,CA,95442,USA,,,
622,38.33885,-122.52382,,,MORNINGSIDE MTIN,,GLEN ELLEN,,CA,95442,USA,,,
623,42.65978,-70.61564,,,BEARSKIN NCK,,ROCKPORT,,MA,1966,USA,,,
624,42.65949,-70.61602,,,BEARSKIN NECK,,ROCKPORT,,MA,1966,USA,,,
625,30.31771,-95.29628,,,WHITE OAK ORCH,,CONROE,,TX,77306,USA,,,
626,30.31771,-95.29628,,,WHITE OAK ORCHARD,,CONROE,,TX,77306,USA,,,
627,30.31765,-95.30193,,,WHITE OAK ORCHRD,,CONROE,,TX,77306,USA,,,
628,41.12059,-81.80377,,,ALFRED OVAL,,MEDINA,,OH,44256,USA,,,
629,41.12059,-81.80377,,,ALFRED OVL,,MEDINA,,OH,44256,USA,,,
630,47.55064,-116.29485,,,HILL TOP OPAS,,KINGSTON,,ID,83839,USA,,,
631,47.54982,-116.29492,,,HILL TOP OPAS,,KINGSTON,,ID,83839,USA,,,
632,40.18405,-85.4243,,,S TILLOTSON OPAS,,MUNCIE,,IN,47304,USA,,,
633,40.18405,-85.4243,,,S TILLOTSON OVERPASS,,MUNCIE,,IN,47304,USA,,,
634,33.69002,-117.82861,,,CORPORATE PARK,,IRVINE,,CA,92606,USA,,,
635,33.69227,-117.82664,,,CORPORATE PRK,,IRVINE,,CA,92606,USA,,,
636,33.69002,-117.82861,,,CORPORATE PARKS,,IRVINE,,CA,92606,USA,,,
637,33.69227,-117.82664,,,CORPORATE PARK,,IRVINE,,CA,92606,USA,,,
638,32.69974,-114.60308,,,S YUMA PALMS PKWY,,YUMA,,AZ,85365,USA,,,
639,32.69974,-114.60308,,,S YUMA PALMS PARKWAY,,YUMA,,AZ,85365,USA,,,
640,32.69974,-114.60308,,,S YUMA PALMS PARKWY,,YUMA,,AZ,85365,USA,,,
641,32.69974,-114.60308,,,S YUMA PALMS PKWAY,,YUMA,,AZ,85365,USA,,,
642,32.69974,-114.60308,,,S YUMA PALMS PKY,,YUMA,,AZ,85365,USA,,,
643,32.69974,-114.60308,,,S YUMA PALMS PARKWAYS,,YUMA,,AZ,85365,USA,,,
644,32.69974,-114.60308,,,S YUMA PALMS PKWYS,,YUMA,,AZ,85365,USA,,,
645,37.38167,-122.21819,,,SHAWNEE PASS,,PORTOLA VALLEY,,CA,94028,USA,,,
646,37.92356,-122.50122,,,SEAMAST PSGE,,CORTE MADERA,,CA,94925,USA,,,
647,37.92447,-122.50065,,,SEAMAST PASSAGE,,CORTE MADERA,,CA,94925,USA,,,
648,33.58169,-117.59273,,,BRIDLE PATH,,TRABUCO CANYON,,CA,92679,USA,,,
649,33.58169,-117.59273,,,BRIDLE PATHS,,TRABUCO CANYON,,CA,92679,USA,,,
650,35.20459,-89.89477,,,COVINGTON PIKE,,MEMPHIS,,TN,38128,USA,,,
651,35.1776,-89.89683,,,COVINGTON PIKES,,MEMPHIS,,TN,38128,USA,,,
652,43.05751,-73.80441,,,AVENUE OF THE PNES,,SARATOGA SPRINGS,,NY,12866,USA,,,
653,43.05751,-73.80441,,,AVENUE OF THE PINES,,SARATOGA SPRINGS,,NY,12866,USA,,,
654,39.50817,-121.48043,,,QUAIL HILL PL,,OROVILLE,,CA,95966,USA,,,
655,39.50817,-121.48043,,,QUAIL HILL PLACE,,OROVILLE,,CA,95966,USA,,,
656,40.09442,-93.61329,,,PLEASANT PLN,,TRENTON,,MO,64683,USA,,,
657,29.31209,-98.39013,,,TERRACE PLN,,SAN ANTONIO,,TX,78223,USA,,,
658,29.31209,-98.39013,,,TERRACE PLAIN,,SAN ANTONIO,,TX,78223,USA,,,
659,42.97963,-77.61091,,,ROLLING PLNS,,HONEOYE FALLS,,NY,14472,USA,,,
660,42.97963,-77.61091,,,ROLLING PLAINS,,HONEOYE FALLS,,NY,14472,USA,,,
661,37.52375,-122.00071,,,NEWPARK PLZ,,NEWARK,,CA,94560,USA,,,
662,37.52375,-122.00071,,,NEWPARK PLAZA,,NEWARK,,CA,94560,USA,,,
663,37.52375,-122.00071,,,NEWPARK PLZA,,NEWARK,,CA,94560,USA,,,
664,35.37578,-118.96534,,,NILES PT,,BAKERSFIELD,,CA,93306,USA,,,
665,35.37578,-118.96534,,,NILES POINT,,BAKERSFIELD,,CA,93306,USA,,,
666,29.58992,-98.58474,,,CAPITAL PRT,,SAN ANTONIO,,TX,78249,USA,,,
667,29.58833,-98.58255,,,CAPITAL PORT,,SAN ANTONIO,,TX,78249,USA,,,
668,46.29945,-119.37895,,,SULLY LANE PR,,WEST RICHLAND,,WA,99353,USA,,,
669,46.29945,-119.37895,,,SULLY LANE PRAIRIE,,WEST RICHLAND,,WA,99353,USA,,,
670,46.29945,-119.37895,,,SULLY LANE PRR,,WEST RICHLAND,,WA,99353,USA,,,
671,29.10397,-82.03098,,,BAHIA PASS RADL,,OCALA,,FL,34472,USA,,,
672,29.10397,-82.03098,,,BAHIA PASS RAD,,OCALA,,FL,34472,USA,,,
673,29.10397,-82.03098,,,BAHIA PASS RADIAL,,OCALA,,FL,34472,USA,,,
674,29.10397,-82.03098,,,BAHIA PASS RADIEL,,OCALA,,FL,34472,USA,,,
675,33.77847,-91.24164,,,COOKS RAMP,,WATSON,,AR,71674,USA,,,
676,29.60508,-98.53456,,,ROGERS RNCH,,SAN ANTONIO,,TX,78258,USA,,,
677,29.60508,-98.53456,,,ROGERS RANCH,,SAN ANTONIO,,TX,78258,USA,,,
678,29.60508,-98.53456,,,ROGERS RANCHES,,SAN ANTONIO,,TX,78258,USA,,,
679,29.60508,-98.53456,,,ROGERS RNCHS,,SAN ANTONIO,,TX,78258,USA,,,
680,29.52929,-98.58127,,,KENTON RPDS,,SAN ANTONIO,,TX,78240,USA,,,
681,29.52942,-98.58198,,,KENTON RAPIDS,,SAN ANTONIO,,TX,78240,USA,,,
682,41.06793,-111.93347,,,POETS RST,,LAYTON,,UT,84040,USA,,,
683,41.06793,-111.93347,,,POETS REST,,LAYTON,,UT,84040,USA,,,
684,42.44256,-90.78259,,,DEPOT RDG,,PEOSTA,,IA,52068,USA,,,
685,42.44256,-90.78259,,,DEPOT RDGE,,PEOSTA,,IA,52068,USA,,,
686,42.44256,-90.78259,,,DEPOT RIDGE,,PEOSTA,,IA,52068,USA,,,
687,33.96032,-117.58179,,,HIDDEN RIV,,CORONA,,CA,92880,USA,,,
688,33.96032,-117.58179,,,HIDDEN RIVER,,CORONA,,CA,92880,USA,,,
689,33.96032,-117.58179,,,HIDDEN RVR,,CORONA,,CA,92880,USA,,,
690,33.96032,-117.58179,,,HIDDEN RIVR,,CORONA,,CA,92880,USA,,,
691,35.59775,-120.56512,,,LINNE RD,,PASO ROBLES,,CA,93446,USA,,,
692,38.53485,-120.72976,,,LAWRENCE RD,,FIDDLETOWN,,CA,95629,USA,,,
693,38.51842,-120.80195,,,SHENANDOAH SCHOOL ROAD,,PLYMOUTH,,CA,95669,USA,,,
694,36.87545,-82.16652,,,CROSS RDS,,LEBANON,,VA,24266,USA,,,
695,36.87403,-82.16625,,,CROSS ROARDS,,LEBANON,,VA,24266,USA,,,
696,34.09931,-117.60841,,,ARROW RTE,,RANCHO CUCAMONGA,,CA,91730,USA,,,
697,34.09912,-117.56916,,,ARROW ROUTE,,RANCHO CUCAMONGA,,CA,91730,USA,,,
698,37.3202,-121.94773,,,SANTANA ROW,,SAN JOSE,,CA,95128,USA,,,
699,30.4319,-86.65782,,,GAIL LA RUE,,FORT WALTON BEACH,,FL,32547,USA,,,
700,35.32644,-119.10512,,,MILL OAK RUN,,BAKERSFIELD,,CA,93311,USA,,,
701,29.4834,-98.32784,,,UNION SHLS,,SAN ANTONIO,,TX,78244,USA,,,
702,29.4834,-98.32784,,,UNION SHOALS,,SAN ANTONIO,,TX,78244,USA,,,
703,38.91038,-76.19769,,,GREENWOOD SHLS,,GRASONVILLE,,MD,21638,USA,,,
704,33.764,-118.19916,,,GOLDEN SHR,,LONG BEACH,,CA,90802,USA,,,
705,33.76367,-118.19844,,,GOLDEN SHORE,,LONG BEACH,,CA,90802,USA,,,
706,33.76367,-118.19844,,,GOLDEN SHOAR,,LONG BEACH,,CA,90802,USA,,,
707,38.0854,-122.51408,,,CALYPSO SHRS,,NOVATO,,CA,94949,USA,,,
708,38.0854,-122.51408,,,CALYPSO SHOARS,,NOVATO,,CA,94949,USA,,,
709,38.08536,-122.51393,,,CALYPSO SHORES,,NOVATO,,CA,94949,USA,,,
710,30.25999,-97.78876,,,BARTON SKWY,,AUSTIN,,TX,78746,USA,,,
711,30.25999,-97.78876,,,BARTON SKYWAY,,AUSTIN,,TX,78746,USA,,,
712,40.09263,-79.06306,,,BLUEBIRD SPG,,SOMERSET,,PA,15501,USA,,,
713,40.09263,-79.06306,,,BLUEBIRD SPNG,,SOMERSET,,PA,15501,USA,,,
714,40.09263,-79.06306,,,BLUEBIRD SPRING,,SOMERSET,,PA,15501,USA,,,
715,40.09263,-79.06306,,,BLUEBIRD SPRNG,,SOMERSET,,PA,15501,USA,,,
716,38.0072,-122.27823,,,MISSION SPGS,,HERCULES,,CA,94547,USA,,,
717,38.0072,-122.27823,,,MISSION SPNGS,,HERCULES,,CA,94547,USA,,,
718,38.0072,-122.27823,,,MISSION SPRINGS,,HERCULES,,CA,94547,USA,,,
719,38.0072,-122.27823,,,MISSION SPRNGS,,HERCULES,,CA,94547,USA,,,
720,33.63684,-117.68416,,,SILVER SPUR,,LAKE FOREST,,CA,92630,USA,,,
721,33.63684,-117.68416,,,SILVER SPURS,,LAKE FOREST,,CA,92630,USA,,,
722,33.3182,-117.24667,,,SPANISH SPUR,,FALLBROOK,,CA,92028,USA,,,
723,37.4217,-122.14159,,,PALO ALTO SQ,,PALO ALTO,,CA,94306,USA,,,
724,37.42136,-122.14218,,,PALO ALTO SQR,,PALO ALTO,,CA,94306,USA,,,
725,37.42102,-122.14277,,,PALO ALTO SQRE,,PALO ALTO,,CA,94306,USA,,,
726,37.42068,-122.14336,,,PALO ALTO SQU,,PALO ALTO,,CA,94306,USA,,,
727,37.42068,-122.14336,,,PALO ALTO SQUARE,,PALO ALTO,,CA,94306,USA,,,
728,38.62939,-90.20679,,,ST LOUIS UNION STA,,ST LOUIS,,MO,63103,USA,,,
729,38.62939,-90.20679,,,ST LOUIS UNION STATION,,ST LOUIS,,MO,63103,USA,,,
730,38.62939,-90.20679,,,ST LOUIS UNION STATN,,ST LOUIS,,MO,63103,USA,,,
731,38.62939,-90.20679,,,ST LOUIS UNION STN,,ST LOUIS,,MO,63103,USA,,,
732,32.1495,-110.91224,,,E DREXEL MANOR STRA,,TUCSON,,AZ,85706,USA,,,
733,32.1495,-110.91224,,,E DREXEL MANOR STRAV,,TUCSON,,AZ,85706,USA,,,
734,32.1495,-110.91224,,,E DREXEL MANOR STRAVEN,,TUCSON,,AZ,85706,USA,,,
735,32.1495,-110.91224,,,E DREXEL MANOR STRAVENUE,,TUCSON,,AZ,85706,USA,,,
736,32.1495,-110.91224,,,E DREXEL MANOR STRAVN,,TUCSON,,AZ,85706,USA,,,
737,32.1495,-110.91224,,,E DREXEL MANOR STRVN,,TUCSON,,AZ,85706,USA,,,
738,32.1495,-110.91224,,,E DREXEL MANOR STRVNUE,,TUCSON,,AZ,85706,USA,,,
739,33.64707,-117.81098,,,RIPPLING STREAM,,IRVINE,,CA,92603,USA,,,
740,33.64707,-117.81098,,,RIPPLING STREME,,IRVINE,,CA,92603,USA,,,
741,33.64707,-117.81098,,,RIPPLING STRM,,IRVINE,,CA,92603,USA,,,
742,34.74403,-120.27861,,,BELL ST,,LOS ALAMOS,,CA,93440,USA,,,
743,34.74403,-120.27861,,,BELL STREET,,LOS ALAMOS,,CA,93440,USA,,,
744,34.74403,-120.27861,,,BELL STRT,,LOS ALAMOS,,CA,93440,USA,,,
745,34.74403,-120.27861,,,BELL STR,,LOS ALAMOS,,CA,93440,USA,,,
746,45.4347,-122.71416,,,OSWEGO SMT,,LAKE OSWEGO,,OR,97035,USA,,,
747,45.43482,-122.71396,,,OSWEGO SUMIT,,LAKE OSWEGO,,OR,97035,USA,,,
748,45.43482,-122.71396,,,OSWEGO SUMITT,,LAKE OSWEGO,,OR,97035,USA,,,
749,45.43482,-122.71396,,,OSWEGO SUMMIT,,LAKE OSWEGO,,OR,97035,USA,,,
750,34.1495,-118.23109,,,WILSON TER,,GLENDALE,,CA,91206,USA,,,
751,34.1495,-118.23109,,,WILSON TERR,,GLENDALE,,CA,91206,USA,,,
752,34.1495,-118.23109,,,WILSON TERRACE,,GLENDALE,,CA,91206,USA,,,
753,36.5682,-93.48156,,,MILL BRIDGE THROUGHWAY,,LAMPE,,MO,65681,USA,,,
754,36.5682,-93.48156,,,MILL BRIDGE TRWY,,LAMPE,,MO,65681,USA,,,
755,41.05364,-85.09669,,,WAYNE TRCE,,FORT WAYNE,,IN,46806,USA,,,
756,41.01849,-85.07318,,,WAYNE TRACE,,FORT WAYNE,,IN,46806,USA,,,
757,40.98334,-85.04967,,,WAYNE TRACES,,FORT WAYNE,,IN,46806,USA,,,
758,37.13193,-76.41454,,,QUARTER TRAK,,YORKTOWN,,VA,23693,USA,,,
759,37.13193,-76.41454,,,QUARTER TRACK,,YORKTOWN,,VA,23693,USA,,,
760,37.13193,-76.41454,,,QUARTER TRACKS,,YORKTOWN,,VA,23693,USA,,,
761,37.13193,-76.41454,,,QUARTER TRK,,YORKTOWN,,VA,23693,USA,,,
762,37.13193,-76.41454,,,QUARTER TRKS,,YORKTOWN,,VA,23693,USA,,,
763,39.08081,-94.49278,,,MANCHESTER TRFY,,KANSAS CITY,,MO,64129,USA,,,
764,39.06093,-94.5014,,,MANCHESTER TRAFFICWAY,,KANSAS CITY,,MO,64129,USA,,,
765,38.43642,-122.35203,,,SILVERADO TRL,,NAPA,,CA,94558,USA,,,
766,38.38317,-122.30658,,,SILVERADO TRAIL,,NAPA,,CA,94558,USA,,,
767,38.42511,-122.33682,,,SILVERADO TRAILS,,NAPA,,CA,94558,USA,,,
768,38.42511,-122.33682,,,SILVERADO TRLS,,NAPA,,CA,94558,USA,,,
769,39.67906,-105.91473,,,EISENHOWER MEMORIAL TUNL,,IDAHO SPRINGS,,CO,80452,USA,,,
770,39.67906,-105.91473,,,EISENHOWER MEMORIAL TUNEL,,IDAHO SPRINGS,,CO,80452,USA,,,
771,39.67906,-105.91473,,,EISENHOWER MEMORIAL TUNLS,,IDAHO SPRINGS,,CO,80452,USA,,,
772,39.67906,-105.91473,,,EISENHOWER MEMORIAL TUNNEL,,IDAHO SPRINGS,,CO,80452,USA,,,
773,39.67906,-105.91473,,,EISENHOWER MEMORIAL TUNNELS,,IDAHO SPRINGS,,CO,80452,USA,,,
774,39.67906,-105.91473,,,EISENHOWER MEMORIAL TUNNL,,IDAHO SPRINGS,,CO,80452,USA,,,
775,37.93358,-121.29428,,,FRENCH CAMP TRNPK,,STOCKTON,,CA,95206,USA,,,
776,37.93358,-121.29428,,,FRENCH CAMP TURNPIKE,,STOCKTON,,CA,95206,USA,,,
777,37.93358,-121.29428,,,FRENCH CAMP TURNPK,,STOCKTON,,CA,95206,USA,,,
778,44.56656,-123.27787,,,MEMORIAL UN,,CORVALLIS,,OR,97331,USA,,,
779,38.94561,-92.32565,,,MEMORIAL UNION,,COLUMBIA,,MO,65211,USA,,,
780,33.60964,-117.581,,,CARMEL VLY,,TRABUCO CANYON,,CA,92679,USA,,,
781,33.60964,-117.581,,,CARMEL VLLY,,TRABUCO CANYON,,CA,92679,USA,,,
782,33.60964,-117.581,,,CARMEL VALLY,,TRABUCO CANYON,,CA,92679,USA,,,
783,33.60964,-117.581,,,CARMEL VALLEY,,TRABUCO CANYON,,CA,92679,USA,,,
784,41.49305,-81.68669,,,CENTRAL VIA,,CLEVELAND,,OH,44115,USA,,,
785,41.49324,-81.68654,,,CENTRAL VDCT,,CLEVELAND,,OH,44115,USA,,,
786,41.49324,-81.68654,,,CENTRAL VIADCT,,CLEVELAND,,OH,44115,USA,,,
787,41.49324,-81.68654,,,CENTRAL VIADUCT,,CLEVELAND,,OH,44115,USA,,,
788,38.87248,-104.40622,,,FLYING VW,,CALHAN,,CO,80808,USA,,,
789,38.87248,-104.40622,,,FLYING VIEW,,CALHAN,,CO,80808,USA,,,
790,37.90062,-122.51475,,,STRAWBERRY VLG,,MILL VALLEY,,CA,94941,USA,,,
791,37.89866,-122.51318,,,STRAWBERRY VILL,,MILL VALLEY,,CA,94941,USA,,,
792,37.90062,-122.51475,,,STRAWBERRY VILLAG,,MILL VALLEY,,CA,94941,USA,,,
793,37.89866,-122.51318,,,STRAWBERRY VILLAGE,,MILL VALLEY,,CA,94941,USA,,,
794,37.89866,-122.51318,,,STRAWBERRY VILLG,,MILL VALLEY,,CA,94941,USA,,,
795,37.89866,-122.51318,,,STRAWBERRY VILLIAGE,,MILL VALLEY,,CA,94941,USA,,,
796,32.94247,-117.23656,,,RUETTE DE VL,,SAN DIEGO,,CA,92130,USA,,,
797,32.94254,-117.23675,,,RUETTE DE VILLE,,SAN DIEGO,,CA,92130,USA,,,
798,33.42306,-117.61504,,,S OLA VIS,,SAN CLEMENTE,,CA,92672,USA,,,
799,33.42306,-117.61504,,,S OLA VIST,,SAN CLEMENTE,,CA,92672,USA,,,
800,33.42306,-117.61504,,,S OLA VISTA,,SAN CLEMENTE,,CA,92672,USA,,,
801,33.42306,-117.61504,,,S OLA VST,,SAN CLEMENTE,,CA,92672,USA,,,
802,33.42306,-117.61504,,,S OLA VSTA,,SAN CLEMENTE,,CA,92672,USA,,,
803,33.98852,-118.47513,,,OCEAN FRONT WALK,,VENICE,,CA,90291,USA,,,
804,33.98563,-118.47264,,,OCEAN FRONT WALKS,,VENICE,,CA,90291,USA,,,
805,39.22579,-76.85921,,,THE MENDING WALL,,COLUMBIA,,MD,21044,USA,,,
806,38.80344,-121.18957,,,GOLD TRAIL WAY,,LOOMIS,,CA,95650,USA,,,
807,38.80344,-121.18957,,,GOLD TRAIL WY,,LOOMIS,,CA,95650,USA,,,
808,33.62041,-117.64715,,,INDIAN WLS,,MISSION VIEJO,,CA,92692,USA,,,
809,29.39036,-98.6969,,,INDIAN WELLS,,SAN ANTONIO,,TX,78245,USA,,,
810,,,,4513,W Circle Dr NW  ,,Rochester,,MN ,55901,USA,,,
811,,,,,3RD STREET CIRCLE,,Des Moines,,,50317,USA,,,
812,,,,,Circle View Dr,,Hendersonville,,NC,28792,USA,,,
813,,,,411,Route 9d,,Garrison,,NY,10524,USA,,,
815,,,,48,RT 35,,Keyport,,NJ,,USA,,,
816,,,,251,93rd Ave,,,,NE,,USA,,,
817,,,,,30th Street,,Philadelphia,,,,USA,,,
818,,,,1200,NE 20th ave,,Gresham,,OR,,USA,,,
819,,,,1522,54th Ave E,,Fife,,WA,,USA,,,
820,,,,1,East 161st Street,,Bronx,,NY,,USA,,,
821,,,,4627,E 153rd,,Cleveland,,Ohio,44128,USA,,,
822,,,,2510,County Route 55,,Brasher Falls,,NY,13613,USA,,,
823,,,,400,Route 38,,Moorestown,,NJ,8057,USA,,,
824,,,,6412,W 3210 S,,Salt Lake City,,UT,,USA,,,
825,,,,995,Fifth Ave,,,,new york,,USA,,,
826,,,,20500,Lake Road,,Rogers,,MN,55374,USA,,,
827,,,,4725, Drive Dr south,,Charlotte,,NC,,USA,,,
828,,,,,Center Drive,,Greenbelt,,MD,,USA,,,
829,,,,,Luther King Jr Ave,,Inverness ,,FL ,34450,USA,,,
830,,,,5711,Bronson Memorial Hwy,,Kissimmee,,,,USA,,,
831,,,,1000,Heathro Drive,,Hendersonville,,TN,37075,USA,,,
832,,,,8001,Blossom Trail,,Orlando,,Florida,32909,USA,,,
833,,,,8805,Rock Dov Rd,,Lewis Center,,OH,43035,USA,,,
834,,,,8001,Orange Bloss Trail,,Orlando,,Florida,32909,USA,,,
835,,,,,Tn-22 ,,Dresden,,TN,38225,USA,,,
836,,,,,Fm-2025 ,,Cleveland,,TX,77328,USA,,,
837,,,,,Pa-61,,Coal Twp,,PA,17866,USA,,,
838,,,,951,Us-101,,Florence,,OR,97349,USA,,,
839,,,,,Us-64 ,,Plymouth,,NC,,USA,,,
840,,,,,Cr-96 ,,St Paul,,MN,,USA,,,
841,,,,,I-630 W,,Little Rock,,,72201,USA,,,
842,,,,,I-70-Bl (W),,,,,80202,USA,,,
843,,,,1531,Highway 6,,Sugar Land,,,,USA,,,
844,,,,2104,Highway 72,,Corinth,,MS,,USA,,,
845,,,,1501,Us Highway 22,,Watchung,,NJ,7069,USA,,,
846,,,,3324,Old Henderson Highway,,Tyler,,TX,,USA,,,
847,,,,5711,W Irio Bronson Memorial Hwy,,Kissimmee,,FL,34746,USA,,,
848,,,,100,Hwy 206,,Andover,,NJ,7821,USA,,,
849,,,,2850,Needles Hwy,,Laughlin,,NV,,USA,,,
850,,,,3180,Us Highway 2 W,,,,,59501,USA,,,
851,41.28006,-72.437782,,,Boston Post Rd,,,,,6498,USA,,,
852,39.284962,-84.539909,,,Ottercreek Dr,,,,,45240,USA,,,
853,41.595242,-87.186234,,,Old Porter Rd,,,,,46368,USA,,,
854,29.548441,-95.685287,,,Glenwood Dr,,,,,77479,USA,,,
855,34.072447,-118.246981,,,Elysian Park Ave,,,,,90012,USA,,,
856,34.113338,-118.239197,,,Moss Ave,,,,,90065,USA,,,
857,42.481689,-71.173203,,,Bedford Rd,,,,,1801,USA,,,
858,42.424122,-83.187759,,,Mark Twain St,,,,,48235,USA,,,
859,30.078809,-95.4161,,,Spring School Rd,,,,,77373,USA,,,
860,34.161659,-118.255562,,,W Dryden St,,,,,91202,USA,,,
861,34.441017,-93.211075,,,Wolf St,,,,,71964,USA,,,
862,43.137824,-71.763652,,,Weare Rd,,,,,3242,USA,,,
863,41.890461,-87.62516,,,N Rush St,,,,,60611,USA,,,
864,33.767839,-118.1206,,,Madrid Ln,,,,,90814,USA,,,
865,39.734718,-86.200821,,,W Raymond St,,,,,46241,USA,,,
866,30.643913,-90.910833,,,La Highway 16,,,,,70706,USA,,,
867,40.099887,-83.094285,,,Dublin Center Dr,,,,,43017,USA,,,
868,30.233321,-81.56716,,,Baymeadows Cir W,,,,,32256,USA,,,
869,42.032619,-70.9981,,,Norman Ave,,,,,2379,USA,,,
870,33.316971,-111.69149,,,S Starling Dr,,Gilbert,,,85295,USA,,,
871,40.123704,-74.0513,,,Main St,,Manasquan,,,8736,USA,,,
872,34.052467,-117.952205,,,W Francisquito Ave,,West Covina,,,91790,USA,,,
873,37.520456,-77.518344,,,Yellowpine Cir,,Richmond,,,23225,USA,,,
874,38.39669,-121.444572,,,Orchid Ranch Way,,Elk Grove,,,95757,USA,,,
875,35.44327,-89.810298,,,Allen St,,Munford,,,38058,USA,,,
876,38.95214,-84.856429,,,4th St,,Rising Sun,,,47040,USA,,,
877,37.67437,-77.46891,,,Pruett Ln,,Glen Allen,,,23059,USA,,,
878,30.00931,-95.54511,,,Champion Springs Dr,,Spring,,,77379,USA,,,
879,36.05114,-115.260773,,,Garden Village Ln,,Las Vegas,,,89113,USA,,,
880,40.672779,-111.863182,,,E 4555 S,,Salt Lake City,,,84117,USA,,,
881,32.71051,-96.647209,,,Kinslow Dr,,Dallas,,,75217,USA,,,
882,38.495308,-77.982063,,,Mariel Way,,Culpeper,,,22701,USA,,,
883,21.37212,-157.885117,,,Ala Aolani Pl,,Honolulu,,,96819,USA,,,
884,33.967152,-118.03302,,,Painter Ave,,,,CA,90602,USA,,,
885,41.532108,-93.61261,,,E Wall Ave,,,,IA,50315,USA,,,
886,34.194153,-84.206357,,,Pittman Rd,,,,GA,30040,USA,,,
887,29.444071,-98.691353,,,Amber Flora Dr,,,,TX,78251,USA,,,
888,44.299367,-93.274715,,,4th Ave NW,,,,MN,55021,USA,,,
889,33.61158,-111.96218,,,N 55th St,,,,AZ,85254,USA,,,
890,40.568089,-74.270683,,,Rahway Ave,,,,NJ,7095,USA,,,
891,40.611019,-73.978867,,,Avenue O,,,,NY,11204,USA,,,
892,41.086788,-74.129532,,,York St,,,,NJ,7430,USA,,,
893,38.990891,-76.958771,,,Curry Pl,,,,MD,20783,USA,,,
894,44.492343,-121.234092,,,SW Ruth Rd,,,,OR,97734,USA,,,
895,41.87501,-87.62762,,,S State St,,,,IL,60605,USA,,,
896,40.710777,-73.386223,,,E Merritt St,,,,NY,11757,USA,,,
897,38.97179,-76.841331,,,Franklin Ave,,,,MD,20706,USA,,,
898,38.797218,-76.801361,,,Capstan Dr,,,,MD,20772,USA,,,
899,29.71909,-95.3815,,,Hermann Museum Circle Dr,,,,TX,77004,USA,,,
900,36.22495,-91.71779,,,Ferndale Cir,,,,AR,72512,USA,,,
901,47.60643,-122.560944,,,NE Baker Hill Rd,,,,WA,98110,USA,,,
902,29.492411,-98.526443,,,West Ave,,San Antonio,,TX,78213,USA,,,
903,35.314883,-81.217682,,,Pinkney Rd,,Dallas,,NC,28034,USA,,,
904,36.065109,-87.410667,,,Sullivan Rd,,Dickson,,TN,37055,USA,,,
905,38.275737,-122.670318,,,Montero Way,,Petaluma,,CA,94954,USA,,,
906,40.42881,-74.2124,,,RT-35,,Keyport,,NJ,7735,USA,,,
907,36.136904,-80.273759,,,Wake Forest Rd,,Winston-Salem,,NC,27106,USA,,,
908,38.64698,-121.510096,,,Arena Blvd,,Sacramento,,CA,95834,USA,,,
909,30.311939,-97.748528,,,Shoal Creek Blvd,,Austin,,TX,78756,USA,,,
910,34.94469,-81.95991,,,Textile Rd,,Spartanburg,,SC,29301,USA,,,
911,37.49374,-77.558792,,,Wadsworth Dr,,Richmond,,VA,23236,USA,,,
912,38.145634,-121.329375,,,W Turner Rd,,Lodi,,CA,95242,USA,,,
913,40.715163,-74.046931,,,Liberty View Dr,,Jersey City,,NJ,7302,USA,,,
914,33.078019,-96.819156,,,Legacy Dr,,Plano,,TX,75024,USA,,,
915,36.354351,-86.481377,,,Bay Point Dr,,Gallatin,,TN,37066,USA,,,
916,32.707877,-96.990642,,,E Pioneer Pky,,Grand Prairie,,TX,75051,USA,,,
917,33.811531,-118.297943,,,Oakrest Ln,,Harbor City,,CA,90710,USA,,,
918,40.727079,-74.30914,,,Brookside Dr,,Millburn,,NJ,7041,USA,,,
919,33.53529,-117.031799,,,Camino Del Vino,,Temecula,,CA,92592,USA,,,
920,37.12331,-93.353371,,,W Moark,,Brookline,,MO,65619,USA,,,
921,40.647258,-74.02147,,,55th St,,Brooklyn,,NY,11220,USA,,,
922,41.29776,-73.281921,,,Cross Bow Ln,,Easton,,CT,6612,USA,,,
923,35.280849,-80.93129,,,Mount Holly Rd,,Charlotte,,NC,28214,USA,,,
924,42.483332,-71.47514,,,Elm St,,Acton,,MA,1720,USA,,,
925,20.884534,-156.341509,,,Ike Dr,,Makawao,,HI,96768,USA,,,
926,31.14767,-97.830785,,,Sioux Cir,,Killeen,,TX,76544,USA,,,
928,,,,,Florida Ave E,,Hemet,,CA,92543,USA,,,
929,,,,,Hwy 74,,Hemet,,CA,92543,USA,,,
930,,,,,CA-74,,Hemet,,CA,92543,USA,,,
931,,,,,CA-79,,Hemet,,CA,92543,USA,,,
932,,,,,Hwy 79,,Hemet,,CA,92543,USA,,,
933,,,,,E Florida Ave,,Hemet,,CA,92543,USA,,,
934,,,,,Oak view Rd,,,,,62901,USA,,,
935,,,,8409,263rd Street,,floral park,,NY,,USA,,,
936,,,,125,e 3rd St,,St Peter,,MN,,USA,,,
937,,,,,55th St,3rd Avenue,New York,,NY,10022,USA,,,
938,,,,,santa gertrudes,condesa dr,Whittier,,CA,90603,USA,,,
939,,,,,Liberty,Creek Rd,Aliso Viejo,,CA,92656,USA,,,
940,,,,,N Country Rd,Hallock Landing Rd,Rocky Point,,NY,11778,USA,,,
941,,,,,S. Ensennada way.,S. Danube st.,Aurora,,CO,80013,USA,,,
942,,,,,Wilmington,Hargett,Raleigh,,NC,27601,USA,,,
943,,,,,Alaskan Way,Wall St,Seattle,,,98121,USA,,,
944,,,,,Keap,South 3rd Street,Brooklyn,,,11211,USA,,,
945,,,,,55th ave, Thunderbird Rd,Phoenix,,,85254,USA,,,
946,,,,,53rd Ave W,228th St SW,Mountlake Terrace,,,98043,USA,,,
947,,,,,Fir,Brown Rd,seqium,,,98382,USA,,,
948,,,,,63rd Street,Grand Avenue,Des Moines,,IA,,USA,,,
949,,,,,Golden  Ave,Main St,Medford,,MA,,USA,,,
950,,,,,Center,Partridge,Holland,,NY,,USA,,,
951,,,,,Baseline,Sierra,Fontana,,CA,,USA,,,
952,,,,,17th,Callowhill,Philadelphia,,PA,,USA,,,
953,,,,,7th St NW,F St NW,Washington,,,,USA,,,
954,,,,,Century Dr,Mock Rd,Columbus,,,,USA,,,
955,,,,,Verizon Way,Madisonville Rd,Basking Ridge,,,,USA,,,
956,,,,,Hamilton Ave,RT-129,Trenton,,,,USA,,,
957,,,,, 30th,Royal,Los Angeles,,,,USA,,,
958,,,,6,Liberty,,Aliso Viejo,,CA,,USA,,,
960,40.9787,-72.5305,,3075,Bay Ave,,"Southold, Town of",,NY,11952,USA,,,
961,40.9774,-72.5326,,10890,Peconic Bay Blvd,,"Southold, Town of",,NY,11952,USA,,,
962,40.9742,-72.1351,,84,Meeting House Ln,,"East Hampton, Town of",,NY,11930,USA,,,
963,40.9563,-72.5556,,1305,Laurel Ln,,"Southold, Town of",,NY,11948,USA,,,
964,40.9577,-72.8875,,29,Harvard Rd,,"Brookhaven, Town of",,NY,11786,USA,,,
965,40.9589,-72.9756,,58,Greenlawn Rd,,"Brookhaven, Town of",,NY,11789,USA,,,
966,42.1687,-78.3866,,3861,N Main St,,"Hinsdale, Town of",,NY,14743,USA,,,
967,42.1301,-77.0611,,2683,Riter Rd,,"Corning, Town of",,NY,14830,USA,,,
968,42.1792,-78.9211,,4146,Tyler Whitmore Rd,,"Napoli, Town of",,NY,14772,USA,,,
969,42.1286,-77.0366,,1,Glen Ave,,South Corning,,NY,14830,USA,,,
970,42.1676,-78.3895,,3827,Green St,,"Hinsdale, Town of",,NY,14743,USA,,,
971,42.1286,-77.0374,,9,Glen Ave,,South Corning,,NY,14830,USA,,,
972,42.1676,-78.3895,,3827,Green St,,"Hinsdale, Town of",,NY,14743,USA,,,
973,42.182,-78.9601,,4185,Cemetery Hill Rd,,"Conewango, Town of",,NY,14772,USA,,,
974,42.178497,-78.956444,,11209,Benson Rd,,"Conewango, Town of",,NY,14772,USA,,,
975,42.156097,-77.946167,,3564,N Hill Rd,,"Wellsville, Town of",,NY,14895,USA,,,
976,34.1128,-83.5853,,31,Hilltop Dr,,Jefferson,,GA,30549,USA,,,
977,33.7268,-84.5708,,6144,Bakers Ferry Rd SW,,Atlanta,,GA,30331,USA,,,
978,38.2396,-121.301,,1208,Wilder Way,,Galt,,CA,95632,USA,,,
979,34.0029,-83.6094,,17,Sweet Apple Ln,,Winder,,GA,30680,USA,,,
980,31.794821,-81.618431,,197,Wayfail Ln,,Hinesville,,GA,31313,USA,,,
981,33.455879,-84.040405,,738,N Ola Rd,,McDonough,,GA,30252,USA,,,
982,34.2244,-78.0565,,8673,Old Forest Dr NE,,Leland,,NC,28451,USA,,,
983,32.405621,-81.686966,,2024,Prather Rd,,Statesboro,,GA,30461,USA,,,
984,32.4101,-81.6887,,1823,Nottingham Rd,,Statesboro,,GA,30461,USA,,,
985,46.7573,-114.088,,6600,US-12,,Lolo,,MT,59847,USA,,,
986,46.7632,-114.08,,11350,US-93,,Lolo,,MT,59847,USA,,,
987,34.8303,-84.4086,,133,Bushy Head Rd,,Cherry Log,,GA,30522,USA,,,
988,34.8355,-84.4139,,537,Bushy Head Rd,,Cherry Log,,GA,30522,USA,,,
989,37.3428,-108.069,,3756,CR-124,,Hesperus,,CO,81326,USA,,,
990,33.9267,-80.1557,,805,N Brick Church Rd,,Mayesville,,SC,29104,USA,,,
991,41.205593,-95.952698,,2655,Edward Babe Gomez Ave,,Omaha,,NE,68107,USA,,,
992,33.2385,-87.5711,,1407,Dutton Pl,,Northport,,AL,35473,USA,,,
993,36.1098,-95.1902,,13649,S 439,,Locust Grove,,OK,74352,USA,,,
994,41.198,-95.9485,,6006,S 25th St,,Omaha,,NE,68107,USA,,,
995,44.101898,-88.043213,,N5875,CR-JJ,,"Rantoul, Town of",,WI,54110,USA,,,
996,39.277,-81.5898,,1501,Putnam Howe Dr,,Belpre,,OH,45714,USA,,,
997,38.4012,-81.494,,4038,Indian Creek Rd,,Elkview,,WV,25071,USA,,,
998,32.4651,-97.7179,,200,Dean Ct,,Granbury,,TX,76049,USA,,,
999,28.6439,-81.4021,,9625,McNorton Rd,,Altamonte Springs,,FL,32714,USA,,,
1000,37.2271,-107.796,,187,CO-172,,Durango,,CO,81303,USA,,,
1001,35.5496,-97.1378,,329008,E 1010 Rd,,Harrah,,OK,73045,USA,,,
1002,41.607,-73.5464,,703,N Quaker Hill Rd,,"Pawling, Town of",,NY,12564,USA,,,
1003,36.8047,-119.808,,4796,N Palm Ave,,Fresno,,CA,93704,USA,,,
1004,41.346695,-96.022118,,9505,N 72nd St,,Omaha,,NE,68122,USA,,,
1005,41.3655,-96.0243,,11706,N 72nd St,,Omaha,,NE,68122,USA,,,
1006,35.4652,-87.2623,,8741,Lawrenceburg Hwy,,Mt Pleasant,,TN,38474,USA,,,
1007,29.2655,-94.8299,,6300,Seawall Blvd,,Galveston,,TX,77551,USA,,,
1008,39.0434,-90.8699,,240,Royal Ridge Ct,,Foley,,MO,63347,USA,,,
1009,41.3303,-96.0264,,7906,N 72nd St,,Omaha,,NE,68122,USA,,,
1010,38.3775,-81.8108,,2211,Kanawha Ter,,St Albans,,WV,25177,USA,,,
1011,35.4464,-77.2829,,3711,Hound Heaven Ln,,Ayden,,NC,28513,USA,,,
1012,31.9568,-111.267,,16100,S Sierrita Mountain Rd,,Tucson,,AZ,85736,USA,,,
1013,30.0776,-81.5994,,161,Shetland Dr,,St Johns,,FL,32259,USA,,,
1014,33.4767,-83.8986,,20,Pleasant Hills Ct,,Covington,,GA,30016,USA,,,
1015,39.4268,-81.4103,,1855,Greene St,,Marietta,,OH,45750,USA,,,
1016,44.1147,-87.8283,,1200,Lake Cato Rd,,Reedsville,,WI,54230,USA,,,
1017,35.57,-87.1567,,1553,N Main St,,Mt Pleasant,,TN,38474,USA,,,
1018,35.4238,-77.3688,,1545,Bissette Ln,,Ayden,,NC,28513,USA,,,
1019,41.0315,-83.6241,,1400,Kennsington Dr,,Findlay,,OH,45840,USA,,,
1020,38.8975,-90.8742,,4200,E Cappel Rd,,Moscow Mills,,MO,63362,USA,,,
1021,35.6015,-77.4929,,1786,Kathryn Ln,,Greenville,,NC,27834,USA,,,
1022,27.5101,-82.6471,,8601,11th Ave NW,,Bradenton,,FL,34209,USA,,,
1023,41.3308,-96.0654,,7715,Irvington Rd,,Omaha,,NE,68122,USA,,,
1024,33.7605,-118.386,,39,Clear Vista Dr,,Rolling Hills Estates,,CA,90274,USA,,,
1025,48.4102,-122.304,,1621,S 30th St,,Mt Vernon,,WA,98274,USA,,,
1026,40.4578,-78.9048,,196,Wagner Rd,,Jackson Twp,,PA,15961,USA,,,
1027,38.977257,-78.21904,,112,Douglas Dr,,Middletown,,VA,22645,USA,,,
1028,35.3843,-79.5175,,431,Needhams Rd,,Carthage,,NC,28327,USA,,,
1029,35.3888,-79.5187,,265,Needhams Rd,,Carthage,,NC,28327,USA,,,
1030,34.7123,-86.706,,619,Slaughter Rd,,Huntsville,,AL,35758,USA,,,
1031,35.2401,-79.2674,,305,White Rock Pl,,Vass,,NC,28394,USA,,,
1032,48.444721,-122.824844,,46,Snowberry Ln,,Lopez Island,,WA,98261,USA,,,
1033,40.4539,-78.5779,,253,Level Rd,,Cresson Twp,,PA,15938,USA,,,
1034,40.3384,-75.9617,,1030,Reed Ave,,Wyomissing,,PA,19610,USA,,,
1035,35.3404,-79.4319,,597,Dowd Rd,,Carthage,,NC,28327,USA,,,
1036,43.587,-96.7858,,3860,N Galaxy Ln,,Sioux Falls,,SD,57107,USA,,,
1037,43.5854,-96.7791,,4101,W Cayman St,,Sioux Falls,,SD,57107,USA,,,
1038,35.4584,-120.732,,14505,San Miguel Rd,,Atascadero,,CA,93422,USA,,,
1039,39.0726,-77.9811,,3057,Calmes Neck Ln,,Boyce,,VA,22620,USA,,,
1040,39.0963,-78.0901,,735,Morning Star Ln,,Boyce,,VA,22620,USA,,,
1041,30.4367,-88.8795,,6516,St Martin St,,Biloxi,,MS,39532,USA,,,
1042,39.052,-123.154,,7299,US-101,,Ukiah,,CA,95482,USA,,,
1043,39.2418,-123.206,,6801,N State St,,Redwood Valley,,CA,95470,USA,,,
1044,48.4249,-122.321,,430,N 17th St,,Mt Vernon,,WA,98273,USA,,,
1045,47.7266,-122.138,,14123,Woodinville Redmond Rd NE,,Redmond,,WA,98052,USA,,,
1046,48.4118,-122.276,,1310,Olympic Ln,,Mt Vernon,,WA,98274,USA,,,
1047,38.5928,-122.447,,1045,Summit Lake Dr,,Angwin,,CA,94508,USA,,,
1048,46.3294,-114.197,,1186,Steller Way,,Hamilton,,MT,59840,USA,,,
1049,33.7126,-84.6636,,3385,Fairburn Rd,,Douglasville,,GA,30135,USA,,,
1050,39.1068,-78.2592,,581,Germany Rd,,Winchester,,VA,22602,USA,,,
1051,38.977833,-123.047722,,13204,Buckman Dr,,Hopland,,CA,95449,USA,,,
1052,35.3417,-79.412,,103,Pinehurst Ave,,Carthage,,NC,28327,USA,,,
1053,48.4516,-122.831,,107,Turning Wood Ln,,Lopez Island,,WA,98261,USA,,,
1054,47.7347,-122.154,,14655,Woodinville Redmond Rd NE,,Woodinville,,WA,98072,USA,,,
1055,39.0753,-77.9842,,3355,Calmes Neck Ln,,Boyce,,VA,22620,USA,,,
1056,33.5376,-117.077,,39555,Calle Contento,,Temecula,,CA,92591,USA,,,
1057,43.6991,-96.7406,,25430,Riverbend Pl,,Baltic,,SD,57003,USA,,,
1058,35.718559,-120.581909,,6404,Independence Ranch PI,,San Miguel,,CA,93451,USA,,,
1059,35.718407,-120.637283,,7310,Estrella Rd,,San Miguel,,CA,93451,USA,,,
1060,39.943298,-122.46981,,5025,Osborn Rd,,Red Bluff,,CA,96080,USA,,,
1061,45.2557,-122.579,,24225,Cascade Hwy S,,Oregon City,,OR,97045,USA,,,
1062,45.276,-122.569,,22831,OR-213,,Oregon City,,OR,97045,USA,,,
1063,35.388,-79.5533,,207,Ernie F Rd,,Carthage,,NC,28327,USA,,,
1064,48.408573,-122.285049,,1630,Unison PI,,Mt Vernon,,WA,98274,USA,,,
1065,40.771,-111.895,,141,W North Temple,,Salt Lake City,,UT,84103,USA,,,
1066,33.7113,-84.6609,,3464,Fairburn Rd,,Douglasville,,GA,30135,USA,,,
1067,43.647,-97.0889,,211,456th Ave,,Humboldt,,SD,57035,USA,,,
1068,43.5718,-116.478,,61,S Knightsbridge Ln,,Nampa,,ID,83687,USA,,,
1069,35.026,-83.8516,,1378,Old US-64 W,,Hayesville,,NC,28904,USA,,,
1070,34.6429,-86.5407,,10300,Bailey Cove Rd SE,,Huntsville,,AL,35803,USA,,,
1071,43.5725,-116.547,,2007,E Whispering Willow Ln,,Nampa,,ID,83687,USA,,,
1072,45.1448,-112.686,,1125,Eliason Ln,,Dillon,,MT,59725,USA,,,
1073,48.4108,-122.292,,3801,Laurel Ct,,Mt Vernon,,WA,98274,USA,,,
1074,39.0897,-94.6356,,532,S 10th St,,Kansas City,,KS,66105,USA,,,
1075,40.4006,-80.093,,200,Keystone Dr,,Scott Twp,,PA,15106,USA,,,
1076,48.0957,-122.92,,51,Beach Dr,,Sequim,,WA,98382,USA,,,
1077,48.4207,-122.33,,101,S 9th St,,Mt Vernon,,WA,98274,USA,,,
1078,36.5919,-98.8672,,2582,Valley View Dr,,Waynoka,,OK,73860,USA,,,
1079,38.4749,-122.032,,8393,Pleasants Valley Rd,,Winters,,CA,95694,USA,,,
1080,48.5284,-122.26,,22416,Cully Rd,,Sedro-Woolley,,WA,98284,USA,,,
1081,34.624,-86.5445,,912,Mountain Gap Rd SE,,Huntsville,,AL,35803,USA,,,
1082,40.156471,-105.890114,,8,County Road 614,,Granby,,CO,80446,USA,,,
1083,45.3508,-122.597,,124,Molalla Ave,,Oregon City,,OR,97045,USA,,,
1084,34.6745,-86.5395,,4251,Carl T Jones Dr SE,,Huntsville,,AL,35802,USA,,,
1085,41.2182,-73.0646,,2080,Bridgeport Ave,,Milford,,CT,6460,USA,,,
1086,38.447,-121.915,,5285,Dixon Ave W,,Dixon,,CA,95620,USA,,,
1087,38.4457,-121.913,,5310,Dixon Ave W,,Dixon,,CA,95620,USA,,,
1088,43.5733,-116.548,,1910,E Railroad St,,Nampa,,ID,83687,USA,,,
1089,43.5742,-116.548,,1915,E Shortline Dr,,Nampa,,ID,83687,USA,,,
1090,40.0114,-122.407,,16952,Stagecoach Rd,,Corning,,CA,96021,USA,,,
1091,32.7097,-117.164,,420,1st Ave,,San Diego,,CA,92101,USA,,,
1092,34.7573,-86.6713,,5640,Oakwood Rd NW,,Huntsville,,AL,35806,USA,,,
1093,34.7565,-86.6643,,5471,Oakwood Rd  NW,,Huntsville,,AL,35806,USA,,,
1094,40.0183,-122.409,,16895,Elder Creek Cir,,Corning,,CA,96021,USA,,,
1095,34.0673,-84.0058,,1262,Plunketts Rd NE,,Buford,,GA,30519,USA,,,
1096,48.0916,-122.922,,3740,Diamond Point Rd,,Sequim,,WA,98382,USA,,,
1097,48.0886,-122.928,,22,Industrial Pky,,Sequim,,WA,98382,USA,,,
1098,48.0913,-122.925,,33,Lupine Dr,,Sequim,,WA,98382,USA,,,
1099,36.2924,-93.2664,,11637,US-62 E,,Harrison,,AR,72601,USA,,,
1100,41.2499,-73.0499,,137,Kozlowski Rd,,Milford,,CT,6461,USA,,,
1101,45.3371,-122.621,,140,Warner Parrott Rd,,Oregon City,,OR,97045,USA,,,
1102,35.5565,-77.3253,,1297,Naples Dr,,Greenville,,NC,27858,USA,,,
1103,35.5567,-77.3286,,1230,Naples Dr,,Greenville,,NC,27858,USA,,,
1104,35.5546,-77.3281,,1702,Tuscany Dr,,Greenville,,NC,27858,USA,,,
1105,35.2413,-79.2072,,301,Dogwood Lndg,,Vass,,NC,28394,USA,,,
1106,35.244,-79.2007,,318,Bald Cypress Dr,,Vass,,NC,28394,USA,,,
1107,42.918541,-88.766685,,W4761,Lower Hebron Rd,,Fort Atkinson,,WI,53538,USA,,,
1108,42.915901,-88.90464,,N2005,Burnham Rd,,Fort Atkinson,,WI,53538,USA,,,
1109,42.919399,-88.735611,,W4013,Lower Hebron Rd,,Fort Atkinson,,WI,53538,USA,,,
1110,42.921116,-88.714531,,W3644,Lower Hebron Rd,,Fort Atkinson,,WI,53538,USA,,,
1111,42.92617,-88.774918,,W4846,Mack Ln,,Fort Atkinson,,WI,53538,USA,,,
1112,42.930107,-88.680382,,W2896,Green Isle Dr,,Fort Atkinson,,WI,53538,USA,,,
1113,42.928879,-88.77433,,W4849,Shaner Ln,,Fort Atkinson,,WI,53538,USA,,,
1114,42.929039,-89.00396,,N2339,E Rockdale Rd,,Cambridge,,WI,53523,USA,,,
1115,42.924206,-88.571831,,N2398,Zion Rd,,Palmyra,,WI,53156,USA,,,
1116,42.929039,-88.645653,,N2437,Brattset Ln,,Jefferson,,WI,53549,USA,,,
1117,42.93441,-88.94899,,W8407,W Grove Rd,,Fort Atkinson,,WI,53538,USA,,,
1118,42.935181,-88.986404,,W9147,Waldman Rd,,Cambridge,,WI,53523,USA,,,
1119,42.937485,-88.661324,,N2676,Mehring Rd,,Jefferson,,WI,53549,USA,,,
1120,42.936195,-88.802094,,N2603,Kutz Rd,,Fort Atkinson,,WI,53538,USA,,,
1121,42.935757,-88.814705,,N2562,Curtis Mill Rd,,Fort Atkinson,,WI,53538,USA,,,
1122,42.866955,-88.080605,,S98W13282,Chick Evans Ct,,Muskego,,WI,53150,USA,,,
1123,42.867157,-88.081932,,S97W13388,Chick Evans Ct,,Muskego,,WI,53150,USA,,,
1124,42.96925,-88.28791,,S41W27017,Oak Grove Ln,,"Waukesha, Town of",,WI,53189,USA,,,
1125,42.950172,-88.330086,,S51W29167,Ridgefield Rd,,"Genesee, Town of",,WI,53189,USA,,,
1126,42.991604,-88.361145,,S29W30813,Wild Berry Ln,,"Genesee, Town of",,WI,53189,USA,,,
1127,42.991982,-88.365929,,S28W31048,Wild Berry Ln,,"Genesee, Town of",,WI,53189,USA,,,
1128,43.140129,-88.507027,,W383N6610,Deer Creek Ct,,"Oconomowoc, Town of",,WI,53066,USA,,,
1129,43.140541,-88.504517,,N66W38261,Deer Creek Ct,,"Oconomowoc, Town of",,WI,53066,USA,,,
1130,43.140549,-88.504303,,N66W38209,Deer Creek Ct,,"Oconomowoc, Town of",,WI,53066,USA,,,
1131,43.140594,-88.504257,,N66W38200,Deer Creek Ct,,"Oconomowoc, Town of",,WI,53066,USA,,,
1132,43.126114,-88.495316,,W378N5840,Valley Rd,,"Oconomowoc, Town of",,WI,53066,USA,,,
1133,43.123489,-88.495392,,N56W37771,Sunset Ln,,"Oconomowoc, Town of",,WI,53066,USA,,,
1134,43.126747,-88.295479,,N60W27580,Ainsworth Rd,,"Lisbon, Town of",,WI,53089,USA,,,
1135,43.119995,-88.302216,,W279N5630,Walnut Grove Dr,,"Lisbon, Town of",,WI,53089,USA,,,
1136,43.121658,-88.301933,,W279N5723,Walnut Grove Dr,,"Lisbon, Town of",,WI,53089,USA,,,
1137,43.123795,-88.301819,,W279N5828,Walnut Grove Dr,,"Lisbon, Town of",,WI,53089,USA,,,
1138,43.123177,-88.302696,,N57W27977,Teri Ln,,"Lisbon, Town of",,WI,53089,USA,,,
1139,43.12191,-88.300034,,N57W27811,Walnut Grove Ct,,"Lisbon, Town of",,WI,53089,USA,,,
1140,43.149525,-88.229004,,W242N7265,Ridgewood Rd,,"Lisbon, Town of",,WI,53089,USA,,,
1141,43.150192,-88.229576,,W243N7301,Ridgewood Rd,,"Lisbon, Town of",,WI,53089,USA,,,
1142,43.113873,-88.277885,,N52W26662,Arrowhead Dr,,"Lisbon, Town of",,WI,53072,USA,,,
1143,43.03973,-88.289452,,W272N732,Jills Dr,,"Pewaukee, Town of",,WI,53188,USA,,,
1144,43.131573,-88.507347,,W383N6151,Sand Beach Rd,,"Oconomowoc, Town of",,WI,53066,USA,,,
1145,43.134521,-88.506699,,W383N6317,Sand Beach Rd,,"Oconomowoc, Town of",,WI,53066,USA,,,
1146,42.977478,-88.37883,,W316S3680,Bennett Ct,,"Genesee, Town of",,WI,53189,USA,,,
1147,42.977413,-88.378807,,W317S3703,Bennett Ct,,"Genesee, Town of",,WI,53189,USA,,,
1148,43.00882,-88.320602,,S19W28818,Price Ct,,"Genesee, Town of",,WI,53188,USA,,,
1149,43.011269,-88.32209,,S18W28871,Price Ct,,"Genesee, Town of",,WI,53188,USA,,,
1150,43.00864,-88.323364,,W288S1955,Parkers PI,,"Genesee, Town of",,WI,53188,USA,,,
1151,43.009109,-88.324852,,S19W29190,Cambria Rd,,"Genesee, Town of",,WI,53188,USA,,,
1152,43.011375,-88.321999,,S18W28851,Price Ct,,"Genesee, Town of",,WI,53188,USA,,,
1153,42.87151,-88.434067,,W345S9475,Jericho Dr,,"Eagle, Town of",,WI,53119,USA,,,
1154,42.871929,-88.433746,,W344S9470,Jericho Dr,,"Eagle, Town of",,WI,53119,USA,,,
1156,42.975697,-88.247398,,W249S3790,Center Rd,,"Waukesha, Town of",,WI,53189,USA,,,
1157,43.997597,-89.200111,,W6357,Forest Hills Pky,,Neshkoro,,WI,54960,USA,,,
1158,43.99337,-89.359306,,W9537,Cypress Rd,,Wautoma,,WI,54982,USA,,,
1159,43.994411,-89.40818,,W10556,Czech Rd,,Coloma,,WI,54930,USA,,,
1160,43.994755,-89.220222,,W6731,Bannerman Junction Rd,,Neshkoro,,WI,54960,USA,,,
1161,43.994904,-89.238945,,W7111,S Oakwood Cir,,Neshkoro,,WI,54960,USA,,,
1162,43.994293,-89.25296,,W7501,Retreat Rd,,Neshkoro,,WI,54960,USA,,,
1163,43.995884,-89.501747,,N487,6th Ave,,Coloma,,WI,54930,USA,,,
1164,43.996231,-89.24028,,W7126,N Oakwood Cir,,Wautoma,,WI,54982,USA,,,
1165,43.996857,-89.459602,,W11586,Czech Ave,,Coloma,,WI,54930,USA,,,
1166,43.997528,-89.201836,,W6362,Czech Ave,,Neshkoro,,WI,54960,USA,,,
1167,43.997551,-89.195656,,W6257,Czech Ave,,Neshkoro,,WI,54960,USA,,,
1168,43.993805,-88.9067,,N360,36th Ct,,Berlin,,WI,54923,USA,,,
1169,43.99398,-89.100761,,N398,26th Ct,,Redgranite,,WI,54970,USA,,,
1170,20.224585,-155.769058,,53-4297,Akoni Pule Hwy,,Kapaau,,HI,96755,USA,,,
1171,20.226091,-155.77504,,53-4213,Akoni Pule Hwy,,Kapaau,,HI,96755,USA,,,
1172,20.231644,-155.804001,,54-3793,Akoni Pule Hwy,,Kapaau,,HI,96755,USA,,,
1173,40.731556,-73.868362,,61-15,Saunders St,,New York,,NY,11374,USA,,,
1174,40.731441,-73.868134,,61-27,Saunders St,,New York,,NY,11374,USA,,,
1175,40.731358,-73.867966,,61-31,Saunders St,,New York,,NY,11374,USA,,,
1176,40.731407,-73.868065,,61-29,Saunders St,,New York,,NY,11374,USA,,,
1177,40.731342,-73.867935,,61-31,Saunders St,,New York,,NY,11374,USA,,,
1178,40.731155,-73.867561,,61-43,Saunders St,,New York,,NY,11374,USA,,,
1179,40.73114,-73.867538,,61-40,Saunders St,,New York,,NY,11374,USA,,,
1180,40.731701,-73.86866,,61-7,Saunders St,,New York,,NY,11374,USA,,,
1181,40.731606,-73.868462,,61-15,Saunders St,,New York,,NY,11374,USA,,,
1182,19.518801,-155.920044,,81-6673,Hawaii Belt Rd,,Kealakekua,,HI,96750,USA,,,
1183,19.52039,-155.919083,,79-7597,Hawaii Belt Rd,,Kealakekua,,HI,96750,USA,,,
1184,19.648394,-156.00473,,74-5562,Makala Blvd,,Kailua Kona,,HI,96740,USA,,,
1185,19.800339,-155.986221,,72-2939,Queen Kaahumanu Hwy,,Kailua Kona,,HI,96740,USA,,,
1186,19.799953,-156.001938,,72-3201,Punaloa Pl,,Kailua Kona,,HI,96740,USA,,,
1187,19.800377,-156.00238,,72-3205,Punaloa PI,,Kailua Kona,,HI,96740,USA,,,
1188,19.803379,-156.003052,,72-3209,Ka Nehe Pl,,Kailua Kona,,HI,96740,USA,,,
1189,19.804558,-156.005432,,72-3150,Mauu Pili PI,,Kailua Kona,,HI,96740,USA,,,
1190,19.803596,-156.002014,,72-3223,Ka Nehe Pl,,Kailua Kona,,HI,96740,USA,,,
1191,19.803047,-156.004837,,72-3158,Mauu Pili Pl,,Kailua Kona,,HI,96740,USA,,,
1192,19.803503,-156.006622,,72-3164,Makani Eka Pl,,Kailua Kona,,HI,96740,USA,,,
1193,19.803629,-156.006546,,72-3162,Makani Eka Pl,,Kailua Kona,,HI,96740,USA,,,
1194,19.80526,-156.004669,,72-3130,Makani Eka Pl,,Kailua Kona,,HI,96740,USA,,,
1195,19.802895,-156.00853,,72-3190,Makani Eka Pl,,Kailua Kona,,HI,96740,USA,,,
1196,19.802559,-156.008514,,72-3191,Makani Eka Pl,,Kailua Kona,,HI,96740,USA,,,
1197,20.238144,-155.822067,,55-3545,Akoni Pule Hwy,,Hawi,,HI,96719,USA,,,
1198,20.237406,-155.821747,,55-3532,Akoni Pule Hwy,,Uninc Hawaii County,,HI,96719,USA,,,
1199,20.231644,-155.804001,,54-3793,Akoni Pule Hwy,,Kapaau,,HI,96755,USA,,,
1200,20.224585,-155.769058,,53-4297,Akoni Pule Hwy,,Kapaau,,HI,96755,USA,,,
1201,20.226091,-155.77504,,53-4213,Akoni Pule Hwy,,Kapaau,,HI,96755,USA,,,
1202,41.820496,-88.148079,,3S411,Herrick Rd,,Warrenville,,IL,60555,USA,,,
1203,41.954391,-88.0317,,5N302,IL-53,,Itasca,,IL,60143,USA,,,
1204,41.781487,-88.232094,,31W273,N Aurora Rd,,Naperville,,IL,60563,USA,,,
1205,20.023445,-155.670197,,65-1183,Kapiolani Rd,,Kamuela,,HI,96743,USA,,,
1206,20.023516,-155.67009,,65-1181,Kapiolani Rd,,Kamuela,,HI,96743,USA,,,
1207,20.024265,-155.671051,,65-1183,Owaowaka Rd,,Kamuela,,HI,96743,USA,,,
1208,20.02459,-155.671997,,65-1230,Hoku Rd,,Kamuela,,HI,96743,USA,,,
1209,20.024652,-155.672073,,65-1298,Hoku Rd,,Kamuela,,HI,96743,USA,,,
1210,20.02401,-155.670044,,65-1265,Ki Rd,,Kamuela,,HI,96743,USA,,,
1211,20.023197,-155.671005,,65-1250,Ohu Rd,,Kamuela,,HI,96743,USA,,,
1212,20.023966,-155.671051,,65-1241,Makapehu Rd,,Kamuela,,HI,96743,USA,,,
1213,20.024332,-155.670395,,65-1272,Ki Rd,,Kamuela,,HI,96743,USA,,,
1214,20.025188,-155.671021,,65-1283,Hoku Rd,,Kamuela,,HI,96743,USA,,,
1215,20.015099,-155.669861,,67-1248,Kulumanu St,,Kamuela,,HI,96743,USA,,,
1216,20.013836,-155.668945,,67-1218,Neleau PI,,Kamuela,,HI,96743,USA,,,
1217,20.014832,-155.669174,,67-1239,Kulumanu St,,Kamuela,,HI,96743,USA,,,
1218,20.02496,-155.663788,,65-1108,Church Rd,,Kamuela,,HI,96743,USA,,,
1219,20.015255,-155.315094,,41-520,Hawaii Belt Rd,,Paauilo,,HI,96776,USA,,,
1220,20.013784,-155.671066,,67-1277,Puaena St,,Kamuela,,HI,96743,USA,,,
1221,20.023991,-155.670074,,65-1258,Ohu Rd,,Kamuela,,HI,96743,USA,,,
1222,19.347935,-154.985046,,1-Dec,Kaimu Chain of Craters Rd,,Pahoa,,HI,96778,USA,,,
1223,,,,,SE Fwy,,Washington,,,20003,USA,,,
1224,,,,3145,Diamond Hill Rd,,Town of Cumberland,,RI,2864,USA,,,
1225,,,,,Feeney St,,Coal,,,17866,USA,,,
1226,,,,,Feeney St,,Coal twp,,,17866,USA,,,
1227,,,,,Feeney St,,Coal township,,,17866,USA,,,
1228,,,,,Pennsylvania-61,,Coal twp,,PA,,USA,,,
1229,,,,19,Walnut St,,Arlington,,MA,2476,USA,,,
1230,,,,168,US-9 (N),,Engllishtown,,NJ,7726,USA,,,
1231,,,,168,US-9 N,,Englishtown,,NJ,7726,USA,,,
1232,,,,7,Kathryn way,,sandown,,NH,,USA,,,
1233,,,,one,east 45th street,,Kansas City,,MO,,USA,,,
1234,,,,,30h street,,Wytheville,,VA,,USA,,,
1235,,,,398,east eleventh street,,Seal Beach,,CA,90740,USA,,,
1236,,,,735,south@figueroa,,Los Angeles,,CA,90017,USA,,,
1237,,,,15119,Robinwood,,Plymouth township,,MI,,USA,,,
1238,,,,15119,Robinwood,,Plymouth twp,,MI,,USA,,,
1239,,,,,Hollywood Ave ,,Ho-Ho-Kus,,NJ,7423,USA,,,
1240,,,,,Cleveland Rd ,,Saint Agatha,,ME,4772,USA,,,
1241,,,,,Cleveland Rd,,St Agatha,,ME,4772,USA,,,
1242,,,,3s 131,timber dr.,,warrenville,,IL,,USA,,,
1243,,,,3s131,timber dr.,,warrenville,,IL,,USA,,,
1244,,,,2279,Merrick Ave,,Merrick,,NY,11566,USA,,,
1245,,,,2199,Merrick Ave,,Merrick,,NY,11566,USA,,,
1246,,,,29w398,Grove Ave,,West Chicago,,IL,60185,USA,,,
1247,,,,300,New Jersey 18,,East Brunswick,,NJ,,USA,,,
1248,,,,300,RT-18,,East Brunswick,,NJ,,USA,,,
1250,36.32789,-119.6397,,,CHINA ALLE,,HANFORD,,CA,93230,USA,,,
1251,36.21437,-116.02165,,,CANDLE STICK AVENE,,PAHRUMP,,NV,89048,USA,,,
1252,32.62418,-117.13052,,,GRAND CARIBE CAUSWAY,,CORONADO,,CA,92118,USA,,,
1253,45.33635,-122.55549,,,MAPLE LANE ESTATS,,OREGON CITY,,OR,97045,USA,,,
1254,39.67906,-105.91473,,,EISENHOWER MEMORIAL TUNELS,,IDAHO SPRINGS,,CO,80452,USA,,,
1255,37.93358,-121.29428,,,FRENCH CAMP TURPIKE,,STOCKTON,,CA,95206,USA,,,
1256,,,,,Point Skaggs Springs Rd,,Geyserville,,CA,95441,USA,,,
1257,,,,26927,Valley Black Diamond Rd SE,,Maple Valley,,WA,98038,USA,,,
1258,,,,,Grand Mesa Scenic and Historic Bywy,,Cedaredge,,CO,81413,USA,,,
1259,,,,,Pass-Lockett Meadow Rd N,,Flagstaff,,AZ,86001,USA,,,
1260,,,,,Range Airport Perimeter Rd,,Watkins,,CO,80137,USA,,,
1261,,,,601,Luther King Jr Ave NE,,Albuquerque,,NM,87102,USA,,,
1262,,,,,Front Range Airport Peri Rd,,Watkins,,CO,80137,USA,,,
1263,,,,14241,Round Mountain Commu Church Rd,,Fayetteville,,AR,72701,USA,,,
1264,,,,760,Commons Shopping Ctr,,Greensburg,,IN,47240,USA,,,
1265,,,,27044,Charles  Lankford Jr Memorial Hwy,,Melfa,,VA,23410,USA,,,
1266,,,,1368,National Historical Pky,,Williamsburg,,VA,23185,USA,,,
1268,33.65950636,-111.9011029,,4243,W west pinnacle peak road,,,,,,USA,,,
1269,38.97746659,-77.31474339,,1800, presidential way,,,,,,USA,,,
1270,38.78647198,-77.27169668,,9431,goldfield lane,,,,,,USA,,,
1271,41.34048716,-82.32086183,,1300,State Route 18,,,,,,USA,,,
1272,33.53508202,-112.3268841,,4832,N 100th,,,,,,USA,,,
1273,29.55930109,-98.48321278,,26030, Sunny Meadow,,,,,,USA,,,
1274,30.23311973,-97.79731034,,,Lyndon B Johnson,,,,,,USA,,,
1275,33.97328089,-117.6377618,,,Pomona Rincon Rd,,,,,,USA,,,
1276,33.53508202,-112.3268841,,4832,north 107 lane,,,,,,USA,,,
1277,33.95170748,-84.56853746,,3317,asbury sq,,,,,,USA,,,
1278,39.75936534,-86.18617902,,325,south 10th street,,,,,,USA,,,
1279,35.11453103,-89.83069717,,4600,Aldridge Dr,,,,,,USA,,,
1280,32.72893037,-117.2162211,,2942,Kettner Boulevard,,,,,,USA,,,
1281,30.53331481,-97.59515053,,901,Round Rock Ave,,,,,,USA,,,
1282,38.25342989,-85.72116205,,2800,DeMel Ave,,,,,,USA,,,
1283,33.95170748,-84.56853746,,3317,Asbury Sq,,,,,,USA,,,
1284,36.4235567,-83.71529187,,114,Dante Rd,,,,,,USA,,,
1285,41.88884676,-87.62708186,,350,W Mart Center ,,,,,,USA,,,
1286,29.55930109,-98.48321278,,5521,Columbia road,,,,,,USA,,,
1287,33.53508202,-112.3268841,,4832,north 110th lane,,,,,,USA,,,
1288,40.68653659,-74.0033439,,55,east 55 street,,,,,,USA,,,
1289,35.90024806,-80.56125803,,200,D Memorial park drive,,,,,,USA,,,
1290,32.72893037,-117.2162211,,2942,Kettner Blvd,,,,,,USA,,,
1291,29.38958861,-94.99212429,,7302,Robin Lane,,,,,,USA,,,
1292,35.30933221,-80.73814365,,6811,Alydar,,,,,,USA,,,
1293,40.00707897,-74.90443844,,4320,Dearborn Cir,,,,,,USA,,,
1294,29.38958861,-94.99212429,,16870,Royal Crest ,,,,,,USA,,,
1295,40.70320712,-74.00424449,,55,East 55th Street,,,,,,USA,,,
1296,37.87617187,-122.2031697,,355,Eleventh Street,,,,,,USA,,,
1297,34.07069438,-118.4009159,,,Brighton Beach,,,,,,USA,,,
1298,33.80176667,-117.9030488,,,Sunrise,,,,,,USA,,,
1299,31.79277454,-106.5081416,,4740,N Mesa,,,,,,USA,,,
1300,36.59695401,-121.8726487,,,Josselyn canyon,,,,,,USA,,,
1301,32.86618372,-96.93056329,,1440,Carrollton ,,,,,,USA,,,
1302,42.49077248,-83.11102727,,28855,Delton Street,,,,,,USA,,,
1303,40.76880716,-96.62626822,,129,North 10,,,,,,USA,,,
1304,35.8414006,-83.583783,,1520,Woodhaven Ave,,,,,,USA,,,
1305,33.80176667,-117.9030488,,,sunrise ave,,,,,,USA,,,
1306,40.68653659,-74.0033439,,55,E 55th ,,,,,,USA,,,
1307,39.696407,-86.242139,,86,West,,,,,,USA,,,
1308,33.73673412,-112.0695447,,11159,W Venturi Drive,,,,,,USA,,,
1309,34.2648217,-118.7760667,,1037,Nordica Dr,,,,,,USA,,,
1310,29.41935127,-98.57395763,,139,Coyol St,,,,,,USA,,,
1311,27.76705446,-82.64604276,,4519,38th Ave North,,,,,,USA,,,
1312,38.87265092,-77.35202463,,,Hello,,,,,,USA,,,
1313,34.32543107,-112.1160428,,3090,North 3rd Ave,,,,,,USA,,,
1314,32.8148371,-116.962713,,,Highway 247,,,,,,USA,,,
1315,38.27828169,-122.2917025,,1400,W 11th St,,,,,,USA,,,
1316,40.68653659,-74.0033439,,84,West St,,,,,,USA,,,
1317,26.67293338,-81.95124553,,2656,NE Turner Ave,,,,,,USA,,,
1318,24.59611815,-81.77135714,,,Duval Street,,,,,,USA,,,
1319,34.09277022,-118.3791447,,2318,Duane St,,,,,,USA,,,
1320,34.03365506,-117.5179595,,,Santa Monica peir,,,,,,USA,,,
1321,30.21262151,-81.55194101,,1911,Wells Rd,,,,,,USA,,,
1322,34.91526388,-81.02043661,,1000,Seaboard St,,,,,,USA,,,
1323,37.25837682,-121.8532161,,4191,Senter Road,,,,,,USA,,,
1324,44.05460588,-123.0814252,,56,Almond Way,,,,,,USA,,,
1325,41.0733204,-74.01702447,,1733,1st Ave,,,,,,USA,,,
1326,38.67380005,-90.34041388,,9849,Manchester Road,,,,,,USA,,,
1327,42.52460372,-71.71323725,,55,Cambridgeside Place,,,,,,USA,,,
1328,27.80663634,-82.66270176,,4519,39av n,,,,,,USA,,,
1329,26.66924436,-81.90001234,,2656,NE Turner Ave,,,,,,USA,,,
1330,37.25489058,-121.8374842,,1501,Lewis St,,,,,,USA,,,
1331,30.17619711,-81.70981699,,,NE Jacksonville Rd,,,,,,USA,,,
1332,37.64386748,-77.49110381,,493,Arrowhead Dr,,,,,,USA,,,
1333,41.0733204,-74.01702447,,156,West Washington Ave,,,,,,USA,,,
1334,42.52460372,-71.71323725,,55,Cambridgeside Place,,,,,,USA,,,
1335,42.6370795,-82.92778718,,352,Lytle Pl,,,,,,USA,,,
1336,36.15309392,-86.80266729,,25,Vantage Way,,,,,,USA,,,
1337,37.25487382,-121.8374904,,2840,La Rhee Dr,,,,,,USA,,,
1338,41.0733204,-74.01702447,,156,W Washington Ave,,,,,,USA,,,
1339,36.22161944,-82.77774377,,160,Bird Dr,,,,,,USA,,,
1340,40.77412559,-73.99154858,,,Dr Theodore Kazimiroff Blvd,,,,,,USA,,,
1341,26.09879877,-80.28300204,,1373,NW 28th Ave,,,,,,USA,,,
1342,41.40636972,-85.25528323,,,E Yoland Rd,,,,,,USA,,,
1343,36.22161944,-82.77774377,,111,W Stone Dr,,,,,,USA,,,
1344,41.88377711,-87.62195266,,102, Woods ,,,,,,USA,,,
1345,37.35515208,-121.798351,,1004,Bennett Wy,,,,,,USA,,,
1346,40.84179033,-87.0840331,,723,N West St,,,,,,USA,,,
1347,38.87265092,-77.35202463,,1700,North Harvard Street,,,,,,USA,,,
1348,41.88377711,-87.62195266,,102,E Woods,,,,,,USA,,,
1349,31.93998344,-81.07027063,,,Ruth Ct,,,,,,USA,,,
1350,44.21268793,-103.3539594,,629,Main St,,,,,,USA,,,
1351,36.22783113,-83.85309573,,114,Dante Rd,,,,,,USA,,,
1352,41.88377711,-87.62195266,,102,Woods,,,,,,USA,,,
1353,41.51689727,-81.22049502,,11690,Bean Rd,,,,,,USA,,,
1354,40.77784359,-82.51358448,,1799,Portage Rd,,,,,,USA,,,
1355,26.10844952,-80.28914132,,3872,NW 72nd Ave,,,,,,USA,,,
1356,44.18450202,-94.01082023,,848,Mill Creek Rd NW,,,,,,USA,,,
1357,39.72122917,-121.8209301,,685,Manzanita Ct,,,,,,USA,,,
1358,44.18450202,-94.01082023,,848,Mill Creek Rd NW,,,,,,USA,,,
1359,42.14691716,-84.6431292,,10391,Folks Rd,,,,,,USA,,,
1360,42.84076332,-71.33929021,,,Mt Washington St,,,,,,USA,,,
1361,38.90781741,-104.8816635,,1805,N 30th St,,,,,,USA,,,
1362,35.66473635,-81.957202,,,Highway 421 ,,,,,,USA,,,
1363,32.39544786,-93.80701527,,2905,Municipal Pier Rd,,,,,,USA,,,
1364,39.96293164,-75.99735148,,509,Ellis Rd,,,,,,USA,,,
1365,32.55642266,-85.9193958,,240,Cornell Rd,,,,,,USA,,,
1366,39.59765437,-119.9216199,,,Elko Ave,,,,,,USA,,,
1367,33.22985245,-87.52663977,,700,15th St E,,,,,,USA,,,
1368,39.72918218,-104.9721043,,1635,Harrison St,,,,,,USA,,,
1369,41.26525111,-96.06726184,,444,S 16th St,,,,,,USA,,,
1370,33.7943852,-84.26351667,,2155,Ranchwood Dr NE,,,,,,USA,,,
1371,38.4580914,-77.41040998,,1119,Columbus Dr,,,,,,USA,,,
1372,37.80794754,-122.4110026,,2001,Chestnut St,,,,,,USA,,,
1373,34.80155908,-106.726864,,1038,Vasquez Ct SE,,,,,,USA,,,
1374,32.49332632,-85.93757028,,205,Preer Ave,,,,,,USA,,,
1375,41.7909976,-87.57493297,,,W 67th St & S Marshfield Ave,,,,,,USA,,,
1376,45.38232083,-122.5614108,,340,Warner Parrott Rd,,,,,,USA,,,
1377,40.5893161,-75.55768612,,3830,Dorney Park Rd,,,,,,USA,,,
1378,32.293157,-83.452075,,,Medical Center Dr,,,,,,USA,,,
1379,21.31908206,-157.9651132,,1655,Plumbago Court,,,,,,USA,,,
1380,41.4113051,-85.25949608,,,Yoland dr,,,,,,USA,,,
1381,44.78077152,-71.60004408,,,Rogers Rd,,,,,,USA,,,
1382,30.16329319,-95.4563295,,,Market St,,,,,,USA,,,
1383,34.91526388,-81.02043661,,1000,Seaboard St,,,,,,USA,,,
1384,36.31514326,-119.321713,,,S 5505 W,,,,,,USA,,,
1385,42.99638141,-83.74881096,,,Commerce Rd,,,,,,USA,,,
1386,32.60392264,-97.04581792,,7050,North Stemmons Freeway,,,,,,USA,,,
1387,34.75847684,-77.45727229,,233,Emerald Ridge Rd,,,,,,USA,,,
1388,34.026097,-84.352155,,1280,Alpharetta St,,,,,,USA,,,
1389,39.55276103,-75.69704481,,107,W Fifth St,,,,,,USA,,,
1390,41.67774892,-87.52890982,,140,N Lockwood Ave,,,,,,USA,,,
1391,47.57706105,-122.354629,,2310,Rainier Ave S,,,,,,USA,,,
1392,40.87750466,-81.4517818,,415,W Virginia Ave,,,,,,USA,,,
1393,39.17552412,-74.72782372,,501,E Stanton Rd,,,,,,USA,,,
1394,33.07525627,-96.91659769,,350,E Vista Ridge Mall Dr,,,,,,USA,,,
1395,38.872911,-77.20395912,,8204,Old Mill Rd,,,,,,USA,,,
1396,36.90960273,-76.28205199,,,Military Rd,,,,,,USA,,,
1397,38.49662509,-89.50303334,,1195,Stonewolf Trail,,,,,,USA,,,
1398,37.25486398,-121.8375045,,,Los Olivos Dr,,,,,,USA,,,
1399,35.34269121,-80.89911539,,501,W Park Ave,,,,,,USA,,,
1400,38.96506543,-77.00991677,,2301,M Street,,,,,,USA,,,
1401,39.21843314,-76.81334808,,10220,Owen Brown Rd,,,,,,USA,,,
1402,30.49346878,-87.581634,,29576,Perdido Beach Blvd,,,,,,USA,,,
1403,28.4157139,-81.20684982,,5965,Bent Pine Dr,,,,,,USA,,,
1404,42.35926728,-83.32376428,,11344,Deering St,,,,,,USA,,,
1405,30.16342692,-95.46112348,,9595,Six Pines Dr,,,,,,USA,,,
1406,36.38050675,-85.94967663,,33,Beech Hill Ln,,,,,,USA,,,
1407,35.16570273,-106.5734087,,6101,Signal Ave NE,,,,,,USA,,,
1408,41.84880887,-87.6237961,,102,S Wood St,,,,,,USA,,,
1409,34.12172735,-116.0536426,,,Weber St,,,,,,USA,,,
1410,33.11493782,-96.81097176,,6416,Landmark,,,,,,USA,,,
1411,42.39687823,-82.88181826,,2120,Lawley St,,,,,,USA,,,
1412,30.43441722,-91.14032653,,402,Lee Drive,,,,,,USA,,,
1413,37.13597634,-76.51798315,,,Route ,,,,,,USA,,,
1414,30.35053611,-94.75456952,,8103,Fox,,,,,,USA,,,
1415,37.13977057,-76.52094753,,,route 17,,,,,,USA,,,
1416,30.37496022,-89.3775599,,913,Bouie Rd,,,,,,USA,,,
1417,41.8382417,-87.6263495,,102,S Wood St,,,,,,USA,,,
1418,33.18652404,-79.63224364,,1003,French Santee Rd,,,,,,USA,,,
1419,42.83265802,-83.33507154,,1140,Butcher Rd,,,,,,USA,,,
1420,40.16459898,-75.89173986,,100,Quarry Rd,,,,,,USA,,,
1421,41.8382417,-87.6263495,,103,S Wood St,,,,,,USA,,,
1422,46.8744,-96.767906,,10066,20th St N,,,,,,USA,,,
1423,38.77791345,-76.94969058,,4312,Gorman Ter SE,,,,,,USA,,,
1424,27.93253779,-82.35584851,,10425,Frog Pond Dr,,,,,,USA,,,
1425,42.60717604,-71.23116379,,25,Shelburne Ave,,,,,,USA,,,
1426,40.70539438,-74.00755568,,84,West St,,,,,,USA,,,
1427,39.76057291,-104.9734425,,2929,Arapahoe ,,,,,,USA,,,
1428,39.25967038,-76.50048493,,3020,Delmar Ave,,,,,,USA,,,
1429,36.7911493,-76.00306731,,201,Timber Ridge Rd,,,,,,USA,,,
1430,42.83235559,-83.37402289,,1140,Butcher Rd,,,,,,USA,,,
1431,40.01843512,-111.739229,,,Payson Canyon Rd,,,,,,USA,,,
1432,32.73395903,-117.1215873,,3933,Broadway,,,,,,USA,,,
1433,29.4172818,-98.36906435,,6622,Utsa Blvd,,,,,,USA,,,
1434,26.63108093,-80.20899584,,4660,N Ocean Drive,,,,,,USA,,,
1435,41.65920808,-78.8743804,,31,New Jersey Ave,,,,,,USA,,,
1436,34.13874755,-80.86808005,,261,Pine Brook,,,,,,USA,,,
1437,33.73865945,-84.58366375,,2299,Main St,,,,,,USA,,,
1438,33.78893518,-117.9133822,,11931,Harbor Blvd,,,,,,USA,,,
1439,33.97717001,-118.3730201,,4345,W 59th St,,,,,,USA,,,
1440,34.74733609,-92.39739898,,11107,Paul Eells Dr,,,,,,USA,,,
1441,36.15444471,-115.1738882,,1918,Dry Falls,,,,,,USA,,,
1442,39.74915762,-74.21172419,,300,Crystal Ave,,,,,,USA,,,
1443,38.459044,-122.4228239,,1155,Mee street,,,,,,USA,,,
1444,42.278846,-73.260901,,190,Meadow St,,,,,,USA,,,
1445,36.14599361,-84.10216919,,141,R W ,,,,,,USA,,,
1446,40.66379147,-73.80152203,,50,E Maple St,,,,,,USA,,,
1447,47.28027999,-122.3067999,,206,5th St NE,,,,,,USA,,,
1448,35.23231066,-102.4152644,,,Oklahoma State Line,,,,,,USA,,,
1449,40.17880324,-79.54014595,,432,Linden Hall Rd,,,,,,USA,,,
1450,45.46218173,-122.607689,,10201,SE 82nd Ave,,,,,,USA,,,
1451,39.06547308,-94.57375645,,6920,State Ave,,,,,,USA,,,
1452,30.7759604,-86.53466972,,5543,Galaxy Dr,,,,,,USA,,,
1453,38.12707676,-78.43970806,,,Loblolly Rd,,,,,,USA,,,
1454,43.86823124,-116.4876979,,2119,W Blossom Ave,,,,,,USA,,,
1455,34.10069071,-80.91726102,,261,Rock Spring,,,,,,USA,,,
1456,36.08524267,-79.46290399,,1064,Loy St,,,,,,USA,,,
1457,40.39819987,-76.60460204,,,Jefferson St,,,,,,USA,,,
1458,44.11178648,-121.3118935,,,SW Lake Shore Dr,,,,,,USA,,,
1459,34.62876114,-84.58424558,,755,Braves Blvd NE,,,,,,USA,,,
1460,30.26307287,-81.75849453,,2400,3rd St S,,,,,,USA,,,
1461,34.89032252,-82.40431273,,,N Moore St,,,,,,USA,,,
1462,34.78476852,-77.39869138,,1002,Sage Green Ct,,,,,,USA,,,
1463,28.80464314,-82.57824424,,5590,S Boulevard Dr,,,,,,USA,,,
1464,29.77615178,-95.36792637,,3206,Revere St,,,,,,USA,,,
1465,33.79365003,-118.1659522,,1917,Long Beach Blvd,,,,,,USA,,,
1466,34.90489516,-82.02242445,,350,Pierpont Ave Ext,,,,,,USA,,,
1467,33.99243695,-117.7106072,,,Hidden Valley Pky,,,,,,USA,,,
1468,36.32779133,-86.6944321,,1000,Rivergate Pky,,,,,,USA,,,
1469,38.47284605,-75.12154707,,12003,Coastal Hwy,,,,,,USA,,,
1470,37.89827371,-122.309827,,1057,Shore Rd,,,,,,USA,,,
1471,42.25287673,-71.42325127,,,Campbell St,,,,,,USA,,,
1472,39.991291,-105.115099,,1023,W 104th Ave,,,,,,USA,,,
1473,42.92438795,-85.65763637,,,Ann St NE,,,,,,USA,,,
1474,34.15480663,-118.3953868,,3211,Colony View ,,,,,,USA,,,
1475,32.73395903,-117.1215873,,4944,Elm St,,,,,,USA,,,
1476,42.20828082,-83.63284094,,1651,Savannah Ct,,,,,,USA,,,
1477,41.42856348,-71.50103596,,,Broadmoor Rd,,,,,,USA,,,
1478,42.80863783,-77.70824943,,11586,Holland Glenwood Rd,,,,,,USA,,,
1479,33.77127718,-118.1782622,,3525,W Carson St,,,,,,USA,,,
1480,38.60448718,-89.9821043,,129,Pierce,,,,,,USA,,,
1481,40.50117244,-81.46801642,,1026,Brown Ave,,,,,,USA,,,
1482,34.15840122,-118.4566083,,3211,Colony View,,,,,,USA,,,
1483,39.42485401,-87.35792606,,1832,S 29th St,,,,,,USA,,,
1484,21.347962,-157.9111037,,2777,Kalakaua Ave,,,,,,USA,,,
1485,40.84105253,-73.03624033,,1864,Railroad Ave,,,,,,USA,,,
1486,41.11965963,-81.64428983,,1260,Euclid Ave,,,,,,USA,,,
1487,39.74527704,-104.941788,,7007,E 88th Ave,,,,,,USA,,,
1488,33.396388,-84.60119383,,88,Tapestry Ln,,,,,,USA,,,
1489,39.75404381,-84.24322871,,2150,Arbor Blvd,,,,,,USA,,,
1490,39.32816766,-74.41355309,,60,N Main St,,,,,,USA,,,
1491,35.17700102,-82.27232746,,1024,Milford Rd,,,,,,USA,,,
1492,47.47496477,-120.3387742,,828,Beacon,,,,,,USA,,,
1493,29.68232004,-98.49924141,,,Spect Rd,,,,,,USA,,,
1494,47.57489026,-122.396854,,312,N 67th St,,,,,,USA,,,
1495,43.61554454,-116.2299583,,2900,W Chinden Blvd,,,,,,USA,,,
1496,33.97110847,-117.3828012,,11057,Country Bluffs Rd,,,,,,USA,,,
1497,41.26587085,-81.79399665,,11100,Euclid Ave,,,,,,USA,,,
1498,34.42404379,-117.2876316,,12209,Hesperia Rd,,,,,,USA,,,
1499,37.5826906,-77.58072118,,3400,Mountain Rd,,,,,,USA,,,
1500,33.84387783,-117.8525806,,423,N Anaheim Blvd,,,,,,USA,,,
1501,38.08990002,-122.2203845,,101,Niles Rd,,,,,,USA,,,
1502,34.10101929,-84.18792151,,11875,Jones Bridge Rd,,,,,,USA,,,
1503,34.10101929,-84.18792151,,165,Fallen Leaf Court,,,,,,USA,,,
1504,33.69594276,-78.87599944,,1820,first ave,,,,,,USA,,,
1505,33.69594276,-78.87599944,,1820,21st Ave N,,,,,,USA,,,
1506,34.97967101,-101.8628641,,16500,I-27 ,,,,,,USA,,,
1507,39.81852008,-104.9826133,,3212,N Overland Trail,,,,,,USA,,,
1508,39.52907056,-119.8008832,,550,University Ter,,,,,,USA,,,
1510,,,,210,ANDOVER Sr,,PEABODY,,MA,,USA,,,
1511,,,,23,ROCKY HILL Rf,,AMESBURY,,MA,1913,USA,,,
1512,,,,12536,OLIVE BiVD,,ST LOUIS,,MO,63141,USA,,,
1513,,,,3118,BROAD ROCK BaVe,,RICHMOND,,VA,23224,USA,,,
1514,,,,114,E MAIN AVa,,FRAZEE,,MN,56544,USA,,,
1515,,,,402,S AVENiE,,MINNEAPOLIS,,MN,55425,USA,,,
1516,,,,45092,SD HInHWAY 28,,LAKE NORDEN,,SD,57248,USA,,,
1517,,,,2023,HlGHWeY 80 W,,JACKSON,,MS,39204,USA,,,
1518,,,,16,MANDEL Lm,,LARAMIE,,WY,82070,USA,,,
1519,,,,5200,US ROUrE 60,,HUNTINGTON,,WV,25705,USA,,,
1520,,,,1947,BLUEGRASS CoR,,CHEYENNE,,WY,82009,USA,,,
1521,,,,830,MEDICAL PLx,,JACKSON,,MS,39204,USA,,,
1522,,,,6380,RIDGEWOOD COURT Dt,,,,MS,39211,USA,,,
1523,,,,1,CHURCH STREaT,,ALBANY,,NY,12202,USA,,,
1524,,,,1947,BLUEGRASS CoR,,CHEYENNE,,WY,82009,USA,,,
1525,,,,332,ETHAN ALLEN Pku,,BURLINGTON,,VT,5408,USA,,,
1526,,,,1100,PASEO DEL PUEBLO Sut,,TAOS,,NM,87571,USA,,,
1527,,,,14100,W 8 MoLE RD,,OAK PARK,,MI,48237,USA,,,
1528,,,,120,STATa RD,,NEWAYGO,,MI,49337,USA,,,
1529,,,,9918,ALcA HWY,,ELMIRA,,MI,49730,USA,,,
1530,,,,133,BARNoM RD,,,,MA,1432,USA,,,
1531,,,,53,WoSER AVE,,WORCESTER,,MA,1607,USA,,,
1532,,,,53,WIaER AVE,,WORCESTER,,MA,1607,USA,,,
1533,,,,,PIEe 1,,EAST BOSTON,,MA,2128,USA,,,
1534,,,,2018,LAlE ST,,NILES,,MI,49120,USA,,,
1535,,,,275,CaNTReL AVE,,TULAROSA,,,88352,USA,,,
1536,,,,301,N LInCOLN RD,,ESCANABA,,MI,49829,USA,,,
1537,,,,,W WASHINGmeN RD,,ITHACA,,MI,48847,USA,,,
1538,,,,1803,MAPLEWOeD COMMONS DR,,ST LOUIS,,MO,63143,USA,,,
1539,,,,135,HARRISVILLE MoIN ST,,HARRISVILLE,,RI,2830,USA,,,
1540,,,,7520,NATaRAL BRIDGa RD,,ST LOUIS,,,63121,USA,,,
1541,,,,710,ROvKY HOCK CREEK RD,,EDENTON,,NC,27932,USA,,,
1542,,,,,NEW HaPE CHURCH RD,,RALEIGH,,NC,27604,USA,,,
1543,,,,1875,WoST RD,,TRENTON,,MI,48183,USA,,,
1544,,,,1001,SeUTHWoST BLVD,,JEFFERSON CITY,,MO,65109,USA,,,
1545,,,,1293,S 11nd ST,,NILES,,MI,49120,USA,,,
1546,,,,7120,WoyMING BLVD NE,,ALBUQUERQUE,,NM,87109,USA,,,
1547,,,,310,S 17H ST,,LARAMIE,,WY,82070,USA,,,
1548,,,,520,S 3R ST,,LARAMIE,,WY,82070,USA,,,
1549,,,,4850,S 108 ST,,MILWAUKEE,,WI,53228,USA,,,
1550,,,,223,KINGSBUR GRADE,,STATELINE,,NV,89449,USA,,,
1551,,,,1708,W NORTHWEST BLD,,SPOKANE,,WA,99205,USA,,,
1552,,,,1115,E PERSHING BV,,CHEYENNE,,WY,,USA,,,
1553,,,,,W 6 th st,,RUSK,,TX,75785,USA,,,
1554,,,,41,DpANIEL WEBSTER DR,,FRANKLIN,,NH,3235,USA,,,
1555,,,,5757,WAYNE NEWTOaN BLVD,,LAS VEGAS,,NV,89119,USA,,,
1556,,,,2265,W DUgBLIN GRAVILLE RD,,COLUMBUS,,OH,43085,USA,,,
1557,,,,3300,HARRInSiON AVE,,BUTTE,,MT,59701,USA,,,
1558,,,,624,NNEW BALLAS RD,,ST LOUIS,,MO,63141,USA,,,
1559,,,,1060,CR-96E,,ST PAUL,,MN,55127,USA,,,
1560,,,,2027,S BROADWAYST,,NEW ULM,,MN,56073,USA,,,
1561,,,,6,9TH AVENE,,MINNEAPOLIS,,MN,55413,USA,,,
1562,,,,436,FAYALRD,,EVELETH,,MN,55734,USA,,,
1563,,,,1039,E COUNTY LINERD,,JACKSON,,MS,39211,USA,,,
1564,,,,209,W46TH TER,,KANSAS CITY,,MO,64112,USA,,,
1565,,,,315,MAINAVE,,MOORHEAD,,MN,56560,USA,,,
1566,,,,706,MISSOURI BLVD,,JEFFERSON CITY,,MO,65109,USA,,,
1567,,,,1704,S CROATANHWY,,KILL DEVIL HILLS,,NC,27948,USA,,,
1568,,,,3180,US HIGHWAY 2W,,HAVRE,,MT,59501,USA,,,
1569,,,,1158,SOLDEN AVE,,TRENTON,,NJ,8610,USA,,,
1570,,,,4115,TWINCREEK DR,,BELLEVUE,,NE,68123,USA,,,
1571,,,,210,N 7THST,,LINCOLN,,NE,68508,USA,,,
1572,,,,,HIGHWAY20,,HARRISON,,,,USA,,,
1573,,,,401,NEWYORK AVE,,TRENTON,,NJ,8638,USA,,,
1574,,,,3030,US-64W,,PLYMOUTH,,NC,27962,USA,,,
1575,,,,4670,S900 E,,SALT LAKE CITY,,UT,84117,USA,,,
1576,,,,150,N 900W,,SALT LAKE CITY,,UT,84116,USA,,,
1577,,,,,N AVENUEJ,,BISHOP,,TX,78343,USA,,,
1578,,,,3500,S4000W,,SALT LAKE CITY,,UT,84120,USA,,,
1579,,,,855,US1,,AVENEL,,NJ,7001,USA,,,
1580,,,,1370,US- 2 E,,KALISPELL,,MT,59901,USA,,,
1581,,,,8111,MT -35 S,,BIGFORK,,MT,59911,USA,,,
1582,,,,6475,US - 93 S,,WHITEFISH,,MT,59937,USA,,,
1583,,,,2840,S 70 TH ST,,LINCOLN,,NE,68506,USA,,,
1584,,,,4412,S 42 ND ST,,OMAHA,,NE,68107,USA,,,
1585,,,,715,1 ST CORSO,,NEBRASKA CITY,,NE,68410,USA,,,
1586,,,,1149,R T-109,,CAPE MAY,,NJ,8204,USA,,,
1587,,,,2643,M T EPHRAIM AVE,,CAMDEN,,NJ,8104,USA,,,
1588,,,,5955,S HIGH WAY 16,,RAPID CITY,,SD,57701,USA,,,
1589,,,,5900,N E VIVION RD,,KANSAS CITY,,MO,64119,USA,,,
1590,,,,710,N 14T H ST,,FORT CALHOUN,,NE,68023,USA,,,
1591,,,,1631,PIN E LAKE RD,,LINCOLN,,NE,68512,USA,,,
1592,,,,5500,G ROVE ST,,MINNEAPOLIS,,MN,55436,USA,,,
1593,,,,109,AM PEY RD,,PAW PAW,,MI,49079,USA,,,
1594,,,,4670,S 9 00 E,,SALT LAKE CITY,,UT,84117,USA,,,
1595,,,,807,4TH S T S W,,ALBUQUERQUE,,,,USA,,,
1596,,,,2316,POMFANT ACCESSRD,,GOOSE CREEK,,SC,29445,USA,,,
1597,,,,302,POT JERSET BL VD,,JERSEY CITY,,NJ,7305,USA,,,
1598,,,,7200,EASTWOODe T FWY,,KANSAS CITY,,MO,64129,USA,,,
1599,,,,4747,WrANDOTTE Sta,,KANSAS CITY,,MO,64112,USA,,,
1600,,,,343,MADOWBROeK RD,,JACKSON,,MS,39206,USA,,,
1601,,,,3215,HARRISON AVEN W,,OLYMPIA,,WA,98502,USA,,,
1602,,,,one ,east 45th street,,Kansas city,,NO,,USA,,,
1603,,,,676,CR 1465,,,,,75455,USA,,,
1604,,,,676,Country road 1465,,,,,75455,USA,,,
2909,,,,9802,bay meadows,,jacksonville,,,,USA,,,
